leed_source_id,nyc_index,match_confidence,match_method,match_notes,building_name_raw,address_raw,address_norm,zip,leed_level,leed_cert_year,city,source_name,lat,lon,project_type,leed_version,gross_sqft,energy_grade,energy_star_score,bbl,bbl_norm,borough,nyc_address,nyc_grades_source_id,ghg_emissions_tco2e,site_eui,source_id,bin,ll97_limit_tco2e,ll97_overage_tco2e
LEED_1000166999,296,81,fuzzy_address,"score=92, addr=202 CANAL ST",TD Bank - Canal & Lafayette - 250 Canal,250 Canal St.,250 CANAL ST,10013,Certified,2026.0,New York,LEED,,,Retail - Commercial Interiors,v4,4150,D,43,1002007502,1002007502,MANHATTAN,202 CANAL STREET,NYC_296,447.3,91,LEED_1000166999,,,
LEED_1000190518,4861,88,exact_address_borough,"addr=280 PARK AVE, borough=MANHATTAN",GIC NYC,280 Park Avenue,280 PARK AVE,10017,Gold,2026.0,New York,LEED,,,Commercial Interiors,v4,56104,D,40,1012840033,1012840033,MANHATTAN,280 PARK AVENUE,NYC_4861,Not Available,Not Available,LEED_1000190518,,,
LEED_1000181850,580,73,fuzzy_address,"score=83, addr=2 E BROADWAY",Fiserv - One Broadway 5th & 6th Floor,One Broadway,ONE BROADWAY,10004,Gold,2026.0,New York,LEED,,,Commercial Interiors,v4,23600,D,29,1002810001,1002810001,MANHATTAN,2 EAST BROADWAY,NYC_580,180,64.4,LEED_1000181850,,,
LEED_1000152457,1668,78,fuzzy_address,"score=89, addr=768 5 AVE",ELC x NYC: GM Fl. 41,767 5th Avenue,767 5 AVE,10022,Gold,2025.0,New York,LEED,,,Commercial Interiors,v4,23667,D,1,1012747504,1012747504,MANHATTAN,768 5 AVENUE,NYC_1668,8241.65,101.9,LEED_1000152457,,,
LEED_1000159431,615,84,fuzzy_address,"score=96, addr=2 COOPER SQ",NYU - 20 Cooper SQ - Grey Art Gallery,22 Cooper SQ,22 COOPER SQ,10003,Gold,2025.0,New York,LEED,,,Commercial Interiors,v4.1,19933,D,2,1005440065,1005440065,MANHATTAN,2 COOPER SQUARE,NYC_615,798.1,89,LEED_1000159431,,,
LEED_1000166973,629,78,fuzzy_address,"score=89, addr=47 E 9 ST",Burberry New York Flagship-57th St.,9 E 57th St New York,9 E 57 ST,10022,Gold,2025.0,New York,LEED,,,Retail - Commercial Interiors,v4,3015,D,15,1005610037,1005610037,MANHATTAN,47 EAST 9 STREET,NYC_629,963.37,98.1,LEED_1000166973,,,
LEED_1000062066,823,84,fuzzy_address,"score=96, addr=125 W 14 ST",Studio Museum in Harlem,144 West 125th Street,144 W 125 ST,10027,Silver,2025.0,New York,LEED,40.8082859,-73.9476925,New Construction,v2009,72426,D,15,1007907502,1007907502,MANHATTAN,125 WEST 14 STREET,NYC_823,1985.3,130.5,LEED_1000062066,,,
LEED_1000109203,3260,80,fuzzy_address,"score=91, addr=55 W 17 ST",Ft. Washington Branch Library Renovation,535 W 179th Street,535 W 179 ST,10033,Silver,2025.0,New York,LEED,40.8478792,-73.9338466,New Construction,v4,17920,D,39,1008197505,1008197505,MANHATTAN,55 WEST 17 STREET,NYC_3260,537.42,49.1,LEED_1000109203,,,
LEED_1000198722,40,77,fuzzy_address,"score=88, addr=56 FULTON ST",Circle - 1WTC,"285 Fulton St, New York, NY 10007",285 FULTON ST,10007,Gold,2025.0,New York,LEED,,,Commercial Interiors,v4,20892,D,41,1000760006,1000760006,MANHATTAN,56 FULTON STREET,NYC_40,806.43,94.2,LEED_1000198722,,,
LEED_1000121048,3520,54,fuzzy_name,"score=81, name=ONE MADISON PARK",One Madison,One Madison Avenue,ONE MADISON AVE,10010,Gold,2025.0,New York,LEED,40.7416338,-73.9871947,Core and Shell,v4,1300000,D,11,1008517505,1008517505,MANHATTAN,23 EAST 22 STREET,NYC_3520,1551.21,103.1,LEED_1000121048,,,
LEED_1000205861,3336,88,exact_address_borough,"addr=65 E 55 ST, borough=MANHATTAN",Park Avenue Tower,65 East 55th Street,65 E 55 ST,10022,Gold,2025.0,New York,LEED,,,Existing Buildings,v4.1,540752,D,52,1012910028,1012910028,MANHATTAN,65 EAST 55 STREET,NYC_3336,4214.98,78.8,LEED_1000205861,,,
LEED_1000035933,272,74,fuzzy_address,"score=85, addr=120 CHURCH ST",New York State Insurance Fund,199 Church Street,199 CHURCH ST,10007,Silver,2024.0,New York,LEED,40.7161113,-74.0067386,New Construction,v2009,314285,D,44,1001260027,1001260027,MANHATTAN,120 CHURCH STREET,NYC_272,2952.38,51.4,LEED_1000035933,,,
LEED_1000177146,4129,84,fuzzy_address,"score=95, addr=815 10 AVE",85 10th Avenue,85 10th Avenue,85 10 AVE,10011,Certified,2024.0,New York,LEED,,,Existing Buildings,v4.1,640234,D,46,1010830029,1010830029,MANHATTAN,815 10 AVENUE,NYC_4129,1189.07,65.9,LEED_1000177146,,,
LEED_1000209010,1093,78,fuzzy_address,"score=89, addr=853 7 AVE",825 7th Ave - Commercial Office Space,825 7th ave,825 7 AVE,10019,Gold,2024.0,New York,LEED,,,Interiors - Existing Buildings,v4.1,169000,D,20,1010070061,1010070061,MANHATTAN,853 7 AVENUE,NYC_1093,819.4,63.2,LEED_1000209010,,,
LEED_1000144319,2084,78,fuzzy_address,"score=89, addr=371 9 AVE",Manhattan West Retail South,375 9th Ave,375 9 AVE,10001,Certified,2024.0,New York,LEED,,,Core and Shell,v4,46422,D,51,1007297502,1007297502,MANHATTAN,371 9 AVENUE,NYC_2084,,,LEED_1000144319,,,
LEED_1000190474,1923,85,fuzzy_address,"score=97, addr=35 MADISON AVE",22 Vanderbilt,335 Madison Avenue,335 MADISON AVE,10017,Gold,2024.0,New York,LEED,,,Existing Buildings,v4.1,983943,D,48,1008550037,1008550037,MANHATTAN,35 MADISON AVENUE,NYC_1923,4427.4,116.1,LEED_1000190474,,,
LEED_1000106759,4861,88,exact_address_borough,"addr=280 PARK AVE, borough=MANHATTAN",280 Park Avenue,280 Park Avenue,280 PARK AVE,10019,Gold,2024.0,New York,LEED,40.7567429,-73.9755649,Existing Buildings,v4,1265204,D,40,1012840033,1012840033,MANHATTAN,280 PARK AVENUE,NYC_4861,Not Available,Not Available,LEED_1000106759,,,
LEED_1000117053,1680,70,fuzzy_address,"score=80, addr=50 VANDERBILT AVE",TD Bank - New York NY - One Vanderbilt,One Vanderbilt Avenue,ONE VANDERBILT AVE,10017,Certified,2024.0,New York,LEED,40.8692051,-73.8316335,Retail - Commercial Interiors,v4,5800,D,1,1012790028,1012790028,MANHATTAN,50 VANDERBILT AVENUE,NYC_1680,2756.7,221.5,LEED_1000117053,,,
LEED_1000180063,5128,88,exact_address_borough,"addr=390 PARK AVE, borough=MANHATTAN",Northern Trust New York,390 Park Avenue,390 PARK AVE,10022,Gold,2024.0,New York,LEED,,,Commercial Interiors,v4,35046,D,22,1012890036,1012890036,MANHATTAN,390 PARK AVENUE,NYC_5128,2350.42,95.4,LEED_1000180063,,,
LEED_1000179206,4993,88,exact_address_borough,"addr=1166 6 AVE, borough=MANHATTAN",1166 Avenue of the Americas,1166 6th Ave,1166 6 AVE,10036,Gold,2024.0,New York,LEED,,,Existing Buildings,v4.1,1556174,D,54,1012617501,1012617501,MANHATTAN,1166 6 AVENUE,NYC_4993,11042.9,96.8,LEED_1000179206,,,
LEED_1000164696,2275,79,fuzzy_address,"score=90, addr=100 7 AVE",Falchi USCIS GSA 9NY2747,3100 47th Avenue,3100 47 AVE,11101,Certified,2024.0,New York,LEED,,,Commercial Interiors,v4,40040,D,50,1007660039,1007660039,MANHATTAN,100 7 AVENUE,NYC_2275,492.3,64,LEED_1000164696,,,
LEED_1000137012,3930,85,fuzzy_address,"score=96, addr=2890 BROADWAY",GSA CFTC 6th Floor Tenant Fit-out,290 Broadway,290 BROADWAY,10007,Silver,2024.0,New York,LEED,,,Commercial Interiors,v4,13900,D,35,1018840061,1018840061,MANHATTAN,2890 BROADWAY,NYC_3930,643.7,115.5,LEED_1000137012,,,
LEED_1000160971,2692,88,exact_address_borough,"addr=30 W 26 ST, borough=MANHATTAN",HKS New York City Office,30 West 26th Street,30 W 26 ST,10010,Platinum,2024.0,New York,LEED,,,Commercial Interiors,v4,5501,D,46,1008270064,1008270064,MANHATTAN,30 WEST 26 STREET,NYC_2692,493.1,53.3,LEED_1000160971,,,
LEED_1000184247,5527,88,exact_address_borough,"addr=437 MADISON AVE, borough=MANHATTAN",437 Madison Ave,437 Madison Ave,437 MADISON AVE,10022,Certified,2024.0,New York,LEED,,,Existing Buildings,v4.1,834303,D,45,1012850021,1012850021,MANHATTAN,437 MADISON AVENUE,NYC_5527,5629.8,98.2,LEED_1000184247,,,
LEED_1000170240,2024,86,fuzzy_address,"score=97, addr=50 LEXINGTON AVE",REBNY,570 Lexington Ave,570 LEXINGTON AVE,10022,Platinum,2024.0,New York,LEED,,,Commercial Interiors,v4,18711,D,36,1008800019,1008800019,MANHATTAN,50 LEXINGTON AVENUE,NYC_2024,969.8,81.8,LEED_1000170240,,,
LEED_1000173756,761,78,fuzzy_address,"score=89, addr=241 9 AVE",Hudson Commons,441 9th Ave,441 9 AVE,10001,Gold,2024.0,New York,LEED,,,Existing Buildings,v4.1,697758,D,21,1007220043,1007220043,MANHATTAN,241 9 AVENUE,NYC_761,238.3,78.7,LEED_1000173756,,,
LEED_1000137777,908,82,fuzzy_address,"score=93, addr=240 PARK AVE S",TD Bank - New York NY - 31st & Park,460 Park Avenue South,460 PARK AVE S,10061,Silver,2024.0,New York,LEED,,,Retail - Commercial Interiors,v4,2851,D,25,1008487505,1008487505,MANHATTAN,240 PARK AVENUE SOUTH,NYC_908,390.26,32.8,LEED_1000137777,,,
LEED_1000154842,2714,88,exact_address_borough,"addr=122 5 AVE, borough=MANHATTAN",Microsoft AdTech Hub,122 5th Avenue,122 5 AVE,10011,Gold,2024.0,New York,LEED,,,Commercial Interiors,v4,102153,D,13,1008190039,1008190039,MANHATTAN,122 5 AVENUE,NYC_2714,603.9,25,LEED_1000154842,,,
LEED_1000167181,1043,86,fuzzy_address,"score=97, addr=116 OF THE AMERICAS",Cohen & Steers,1166 Avenue of the Americas,1166 OF THE AMERICAS,10036,Gold,2024.0,New York,LEED,,,Commercial Interiors,v4,108856,D,1,1004760019,1004760019,MANHATTAN,116 AVENUE OF THE AMERICAS,NYC_1043,265.9,136.7,LEED_1000167181,,,
LEED_1000179041,3684,88,exact_address_borough,"addr=250 W 57 ST, borough=MANHATTAN",SAINT LAURENT New York Clics Offices,"250 W 57th St., Ste 420",250 W 57 ST,10107,Gold,2024.0,New York,LEED,,,Commercial Interiors,v4,4658,D,52,1010280056,1010280056,MANHATTAN,250 WEST 57 STREET,NYC_3684,2802.14,62.2,LEED_1000179041,,,
LEED_1000068695,1456,80,fuzzy_address,"score=91, addr=555 W 23 ST",The Cortland,555 West 22nd Street,555 W 22 ST,10011,Silver,2023.0,New York,LEED,40.7481933,-74.006941,New Construction,v2009,383961,D,33,1006957503,1006957503,MANHATTAN,555 WEST 23 STREET,NYC_1456,2027.5,92.5,LEED_1000068695,,,
LEED_1000168882,218,83,fuzzy_address,"score=94, addr=275 GREENWICH ST",Asana 3 WTC,175 Greenwich Street,175 GREENWICH ST,10007,Certified,2023.0,New York,LEED,,,Commercial Interiors,v4,16522,D,9,1001327501,1001327501,MANHATTAN,275 GREENWICH STREET,NYC_218,1004.55,85.6,LEED_1000168882,,,
LEED_1000166356,2645,78,fuzzy_address,"score=89, addr=604 6 AVE",620 Avenue of the Americas,620 6th Ave,620 6 AVE,10011,Certified,2023.0,New York,LEED,,,Existing Buildings,v4,737425,D,19,1008190077,1008190077,MANHATTAN,604 6 AVENUE,NYC_2645,395.6,90.3,LEED_1000166356,,,
LEED_1000131690,761,78,fuzzy_address,"score=89, addr=241 9 AVE",Morgan North,341 9th Avenue,341 9 AVE,10199,Gold,2023.0,New York,LEED,,,Core and Shell,v4,519455,D,21,1007220043,1007220043,MANHATTAN,241 9 AVENUE,NYC_761,238.3,78.7,LEED_1000131690,,,
LEED_1000119177,1693,78,fuzzy_address,"score=89, addr=665 5 AVE",660 Fifth Avenue,660 5th Avenue,660 5 AVE,10103,Gold,2023.0,New York,LEED,40.7603807,-73.9766831,Core and Shell,v4,1268642,D,16,1012880069,1012880069,MANHATTAN,665 5 AVENUE,NYC_1693,,,LEED_1000119177,,,
LEED_1000137387,1656,84,fuzzy_address,"score=95, addr=1400 OF THE AMERICAS",Bank of America - 2 Bryant Park,1100 Avenue of the Americas,1100 OF THE AMERICAS,10018,Platinum,2023.0,New York,LEED,,,Commercial Interiors,v4,255000,D,45,1012730001,1012730001,MANHATTAN,1400 AVENUE OF THE AMERICAS,NYC_1656,1136.6,100.5,LEED_1000137387,,,
LEED_1000099100,1972,64,fuzzy_name,"score=94, name=401 FIFTH AVENUE",640 Fifth Avenue,640 Fifth Avenue,640 FIFTH AVE,10019,Gold,2023.0,New York,LEED,40.7596078,-73.9769882,Existing Buildings,v2009,298711,D,48,1008660076,1008660076,MANHATTAN,397 5 AVENUE,NYC_1972,900.2,70.5,LEED_1000099100,,,
LEED_1000145313,1630,84,fuzzy_address,"score=95, addr=11 W 42 ST","Socotec Offices, 151 West 42nd Street",151 West 42nd Street,151 W 42 ST,10036,Platinum,2023.0,New York,LEED,,,Commercial Interiors,v4,10840,D,44,1012580021,1012580021,MANHATTAN,11 WEST 42 STREET,NYC_1630,6328.26,71.8,LEED_1000145313,,,
LEED_1000145432,2319,88,exact_address_borough,"addr=555 W 18 ST, borough=MANHATTAN",IAC,555 West 18th Street,555 W 18 ST,10011,Gold,2023.0,New York,LEED,,,Existing Buildings,v4.1,183258,D,45,1006900012,1006900012,MANHATTAN,555 WEST 18 STREET,NYC_2319,1278.9,102.7,LEED_1000145432,,,
LEED_1000170516,1630,88,exact_address_borough,"addr=11 W 42 ST, borough=MANHATTAN",11 West 42nd Street,11 W 42nd St,11 W 42 ST,10036,Silver,2023.0,New York,LEED,,,Existing Buildings,v4.1,948747,D,44,1012580021,1012580021,MANHATTAN,11 WEST 42 STREET,NYC_1630,6328.26,71.8,LEED_1000170516,,,
LEED_1000147378,1630,84,fuzzy_address,"score=95, addr=11 W 42 ST",Mitsubishi Corporation Americas,151 West 42nd Street,151 W 42 ST,10036,Gold,2023.0,New York,LEED,,,Commercial Interiors,v4,54040,D,44,1012580021,1012580021,MANHATTAN,11 WEST 42 STREET,NYC_1630,6328.26,71.8,LEED_1000147378,,,
LEED_1000069914,1496,83,fuzzy_address,"score=94, addr=600 COLUMBUS AVE",David Geffen Hall,100 Columbus Avenue,100 COLUMBUS AVE,10023,Silver,2023.0,New York,LEED,40.7724781,-73.9824586,New Construction,v2009,246342,D,27,1012200029,1012200029,MANHATTAN,600 COLUMBUS AVENUE,NYC_1496,855.3,76.8,LEED_1000069914,,,
LEED_1000108161,3684,84,fuzzy_address,"score=95, addr=250 W 57 ST",50 West 57th Street,50 West 57th Street,50 W 57 ST,10019,Gold,2023.0,New York,LEED,40.7637231,-73.9766209,Existing Buildings,v4,75077,D,52,1010280056,1010280056,MANHATTAN,250 WEST 57 STREET,NYC_3684,2802.14,62.2,LEED_1000108161,,,
LEED_1000072939,6277,80,fuzzy_address,"score=91, addr=450 E 83 ST",The Brearley School - 590 Building,590 E 83rd St,590 E 83 ST,10028,Gold,2023.0,New York,LEED,40.7729984,-73.9463358,Schools - New Construction,v4,84698,D,2,1015627501,1015627501,MANHATTAN,450 EAST 83 STREET,NYC_6277,1278.46,69.2,LEED_1000072939,,,
LEED_10162543,5556,69,fuzzy_name,"score=100, name=689 FIFTH AVENUE",689 Fifth Avenue,689 Fifth Avenue,689 FIFTH AVE,10022,Gold,2023.0,New York,LEED,40.7610057,-73.9748761,Existing Buildings,v2008,94766,D,23,1012900001,1012900001,MANHATTAN,689 5 AVENUE,NYC_5556,748.5,94.1,LEED_10162543,,,
LEED_1000166325,5186,88,exact_address_borough,"addr=237 PARK AVE, borough=MANHATTAN",237 Park,237 Park Avenue,237 PARK AVE,10017,Certified,2023.0,New York,LEED,,,Existing Buildings,v4,1258001,D,49,1013007501,1013007501,MANHATTAN,237 PARK AVENUE,NYC_5186,5340.4,56.8,LEED_1000166325,,,
LEED_1000151471,1963,84,fuzzy_address,"score=96, addr=20 PARK AVE",Bregal Investments - 200 Park Ave,200 Park Avenue,200 PARK AVE,10166,Gold,2023.0,New York,LEED,,,Commercial Interiors,v4,34500,D,48,1008650032,1008650032,MANHATTAN,20 PARK AVENUE,NYC_1963,688.9,82.9,LEED_1000151471,,,
LEED_1000166353,6957,86,fuzzy_address,"score=97, addr=1450 LEXINGTON AVE",450 Lexington Avenue,450 Lexington Ave,450 LEXINGTON AVE,10017,Certified,2023.0,New York,LEED,,,Existing Buildings,v4,870126,D,54,1015230014,1015230014,MANHATTAN,1450 LEXINGTON AVENUE,NYC_6957,Not Available,Not Available,LEED_1000166353,,,
LEED_1000100813,4640,81,fuzzy_address,"score=92, addr=220 E 125 ST",125 MEC Center - B West,201 East 125th Street,201 E 125 ST,10035,Gold,2023.0,New York,LEED,40.8078123,-73.9455481,Mid-rise,v4,464068,D,4,1017890039,1017890039,MANHATTAN,220 EAST 125 STREET,NYC_4640,106.9,42.7,LEED_1000100813,,,
LEED_1000156814,3725,88,exact_address_borough,"addr=1540 BROADWAY, borough=MANHATTAN",Schrodinger NYC 25th Floor,1540 Broadway,1540 BROADWAY,10001,Gold,2023.0,New York,LEED,,,Commercial Interiors,v4,16903,D,42,1009987501,1009987501,MANHATTAN,1540 BROADWAY,NYC_3725,5068.7,65.4,LEED_1000156814,,,
LEED_1000113281,1519,81,fuzzy_address,"score=92, addr=2301 BROADWAY",Union Theological Seminary-Hastings Hall,3041 Broadway,3041 BROADWAY,10027,Gold,2023.0,New York,LEED,40.8115497,-73.961759,New Construction,v4,95000,D,27,1012310007,1012310007,MANHATTAN,2301 BROADWAY,NYC_1519,356.5,72.6,LEED_1000113281,,,
LEED_1000114770,1413,83,fuzzy_address,"score=94, addr=24 5 AVE",424 5th Avenue,424 5th Avenue,424 5 AVE,10018,Gold,2022.0,New York,LEED,40.7513865,-73.9832325,Core and Shell,v4,692701,D,48,1005730043,1005730043,MANHATTAN,24 5 AVENUE,NYC_1413,2093.1,90.2,LEED_1000114770,,,
LEED_1000062101,305,75,fuzzy_address,"score=86, addr=377 GREENWICH ST",77 Greenwich Street,77 Greenwich,77 GREENWICH,10006,Silver,2022.0,New York,LEED,40.7074175,-74.0135328,New Construction,v2009,301270,D,48,1001870016,1001870016,MANHATTAN,377 GREENWICH STREET,NYC_305,1463.3,233,LEED_1000062101,,,
LEED_1000140226,1630,88,exact_address_borough,"addr=11 W 42 ST, borough=MANHATTAN",NPR,11 West 42nd Street,11 W 42 ST,10036,Gold,2022.0,New York,LEED,,,Commercial Interiors,v4,8188,D,44,1012580021,1012580021,MANHATTAN,11 WEST 42 STREET,NYC_1630,6328.26,71.8,LEED_1000140226,,,
LEED_1000041802,4328,81,fuzzy_address,"score=92, addr=437 W 125 ST",Columbia Business School,637 West 125th Street,637 W 125 ST,10027,Gold,2022.0,New York,LEED,40.8174412,-73.9591607,New Construction,v2009,483929,D,23,1019660052,1019660052,MANHATTAN,437 WEST 125 STREET,NYC_4328,284.6,77.9,LEED_1000041802,,,
LEED_1000160438,272,81,fuzzy_address,"score=92, addr=120 CHURCH ST",100 Church Street Recertification,100 Church Street,100 CHURCH ST,10007,Gold,2022.0,New York,LEED,,,Existing Buildings,v2009,1018237,D,44,1001260027,1001260027,MANHATTAN,120 CHURCH STREET,NYC_272,2952.38,51.4,LEED_1000160438,,,
LEED_1000076595,4342,81,fuzzy_address,"score=92, addr=543 W 125 ST",Vandewater,543 W 122nd Street,543 W 122 ST,10027,Gold,2022.0,New York,LEED,40.811621,-73.9601059,New Construction,v2009,316416,D,3,1019820005,1019820005,MANHATTAN,543 WEST 125 STREET,NYC_4342,266.1,146.7,LEED_1000076595,,,
LEED_1000124323,3809,82,fuzzy_address,"score=93, addr=4 COLUMBUS CIR",One Deutsche Bank Center,1 Columbus Circle,1 COLUMBUS CIR,10019,Gold,2022.0,New York,LEED,40.768096,-73.9835563,Commercial Interiors,v4,757570,D,18,1010480033,1010480033,MANHATTAN,4 COLUMBUS CIRCLE,NYC_3809,1549.07,119.2,LEED_1000124323,,,
LEED_1000116631,908,82,fuzzy_address,"score=93, addr=240 PARK AVE S",Warner Bros. Discovery,230 Park Avenue South,230 PARK AVE S,10003,Certified,2022.0,New York,LEED,40.7540868,-73.9760911,Commercial Interiors,v4,188532,D,25,1008487505,1008487505,MANHATTAN,240 PARK AVENUE SOUTH,NYC_908,390.26,32.8,LEED_1000116631,,,
LEED_1000125310,1848,85,fuzzy_address,"score=96, addr=1265 BROADWAY",One Liberty Plaza,165 Broadway,165 BROADWAY,10006,Gold,2022.0,New York,LEED,40.7096195,-74.0105084,Existing Buildings,v2009,2346000,D,14,1008330075,1008330075,MANHATTAN,1265 BROADWAY,NYC_1848,440.7,79.7,LEED_1000125310,,,
LEED_1000124137,3743,88,exact_address_borough,"addr=1285 OF THE AMERICAS, borough=MANHATTAN",UBS 1285 Avenue of the Americas 18 Floor,1285 Avenue of the Americas,1285 OF THE AMERICAS,10019,Silver,2022.0,New York,LEED,40.6032677,-73.95918,Commercial Interiors,v4,20159,D,43,1010040029,1010040029,MANHATTAN,1285 AVENUE OF THE AMERICAS,NYC_3743,12625.5,95.8,LEED_1000124137,,,
LEED_1000139575,3725,88,exact_address_borough,"addr=1540 BROADWAY, borough=MANHATTAN",Schrodinger NYC Floors 21-24,1540 Broadway,1540 BROADWAY,10001,Gold,2022.0,New York,LEED,,,Commercial Interiors,v4,100000,D,42,1009987501,1009987501,MANHATTAN,1540 BROADWAY,NYC_3725,5068.7,65.4,LEED_1000139575,,,
LEED_1000130218,144,83,fuzzy_address,"score=94, addr=120 GREENWICH ST",Moet Hennessy,250 Greenwich Street,250 GREENWICH ST,10007,Certified,2022.0,New York,LEED,,,Commercial Interiors,v4,51352,D,21,1000537501,1000537501,MANHATTAN,120 GREENWICH STREET,NYC_144,502.1,85.5,LEED_1000130218,,,
LEED_1000109242,1963,84,fuzzy_address,"score=96, addr=20 PARK AVE",Lendlease New York City Office,200 Park Ave.,200 PARK AVE,10166,Platinum,2022.0,New York,LEED,40.7533488,-73.9766668,Commercial Interiors,v4,65679,D,48,1008650032,1008650032,MANHATTAN,20 PARK AVENUE,NYC_1963,688.9,82.9,LEED_1000109242,,,
LEED_1000120136,144,83,fuzzy_address,"score=94, addr=120 GREENWICH ST",SOM NYC Fit-Out,250 Greenwich St,250 GREENWICH ST,10006,Gold,2022.0,New York,LEED,40.7134166,-74.0119311,Commercial Interiors,v4,53459,D,21,1000537501,1000537501,MANHATTAN,120 GREENWICH STREET,NYC_144,502.1,85.5,LEED_1000120136,,,
LEED_1000055008,2277,81,fuzzy_address,"score=92, addr=1301 YORK AVE",Rockefeller University River Building,1230 York Avenue,1230 YORK AVE,10065,Gold,2022.0,New York,LEED,40.7620682,-73.9567885,New Construction,v2009,147928,D,17,1014640028,1014640028,MANHATTAN,1301 YORK AVENUE,NYC_2277,Not Available,304.3,LEED_1000055008,,,
LEED_1000149561,1141,81,fuzzy_address,"score=92, addr=93 GREENE ST",FENDI New York Soho,"Space NK Greene, 99 Greene St",99 GREENE ST,10012,Gold,2021.0,New York,LEED,,,Interiors - Existing Buildings,v4.1,495,D,9,1005007502,1005007502,MANHATTAN,93 GREENE STREET,NYC_1141,271.1,56.8,LEED_1000149561,,,
LEED_1000106488,308,81,fuzzy_address,"score=92, addr=71 LAIGHT ST",15 Laight Street,15 Laight Street,15 LAIGHT ST,10013,Silver,2021.0,New York,LEED,40.7216152,-74.0060792,Core and Shell,v4,101453,D,3,1002177504,1002177504,MANHATTAN,71 LAIGHT STREET,NYC_308,781.8,70,LEED_1000106488,,,
LEED_1000102402,5264,80,fuzzy_address,"score=91, addr=425 MAIN ST",Riverwalk Park,427 Main Street,427 MAIN ST,10044,Gold,2021.0,New York,LEED,40.7587604,-73.9525189,New Construction,v4,410000,D,24,1013737502,1013737502,MANHATTAN,425 MAIN STREET,NYC_5264,1373.35,98.3,LEED_1000102402,,,
LEED_1000128193,1680,80,fuzzy_address,"score=91, addr=50 VANDERBILT AVE",Oak Hill Advisors,1 Vanderbilt Ave.,1 VANDERBILT AVE,10017,Gold,2021.0,New York,LEED,,,Commercial Interiors,v4,45177,D,1,1012790028,1012790028,MANHATTAN,50 VANDERBILT AVENUE,NYC_1680,2756.7,221.5,LEED_1000128193,,,
LEED_1000093421,3818,79,fuzzy_address,"score=90, addr=1180 2 AVE",Inspir Carnegie Hill,1802 2nd Ave.,1802 2 AVE,10128,Silver,2021.0,New York,LEED,40.7823762,-73.9481287,New Construction,v2009,209605,D,27,1014370001,1014370001,MANHATTAN,1180 2 AVENUE,NYC_3818,721.82,80.5,LEED_1000093421,,,
LEED_1000062429,4341,86,fuzzy_address,"score=97, addr=140 RIVERSIDE BLVD",Riverside Building 3,10 Riverside Boulevard,10 RIVERSIDE BLVD,10069,Silver,2021.0,New York,LEED,40.7730992,-73.9926095,New Construction,v2009,567036,D,23,1011710133,1011710133,MANHATTAN,140 RIVERSIDE BOULEVARD,NYC_4341,2109.1,92.3,LEED_1000062429,,,
LEED_1000064659,8915,84,fuzzy_address,"score=96, addr=515 W 187 ST",Lantern House,515 West 18th Street,515 W 18 ST,10011,Silver,2021.0,New York,LEED,40.7451986,-74.0075711,New Construction,v2009,397146,D,33,1021590025,1021590025,MANHATTAN,515 WEST 187 STREET,NYC_8915,298.9,108.8,LEED_1000064659,,,
LEED_1000125210,40,77,fuzzy_address,"score=88, addr=56 FULTON ST",Princeton Longevity Center at 1 WTC,285 Fulton Street,285 FULTON ST,10007,Gold,2021.0,New York,LEED,40.7130082,-74.0131689,Commercial Interiors,v4,6460,D,41,1000760006,1000760006,MANHATTAN,56 FULTON STREET,NYC_40,806.43,94.2,LEED_1000125210,,,
LEED_1000126362,3765,88,exact_address_borough,"addr=825 8 AVE, borough=MANHATTAN",West Monroe Partners - New York,825 8th Avenue,825 8 AVE,10019,Silver,2021.0,New York,LEED,40.7621024,-73.9869111,Commercial Interiors,v4,34527,D,34,1010400029,1010400029,MANHATTAN,825 8 AVENUE,NYC_3765,11338.3,90.5,LEED_1000126362,,,
LEED_1000030285,91,88,exact_address_borough,"addr=5 BEEKMAN ST, borough=MANHATTAN",5 Beekman Street,5 Beekman Street,5 BEEKMAN ST,10038,Certified,2021.0,New York,LEED,40.7112749,-74.0068449,New Construction,v2009,350000,D,1,1000907503,1000907503,MANHATTAN,5 BEEKMAN STREET,NYC_91,3535.76,129.3,LEED_1000030285,,,
LEED_1000128174,750,77,fuzzy_address,"score=88, addr=47 9 AVE",Project Monty,76 9th Avenue,76 9 AVE,10011,Platinum,2021.0,New York,LEED,,,Retail - Commercial Interiors,v4,8855,D,9,1007120029,1007120029,MANHATTAN,47 9 AVENUE,NYC_750,499.2,97.7,LEED_1000128174,,,
LEED_1000078637,2277,81,fuzzy_address,"score=92, addr=1301 YORK AVE",Education and Student Center Expansion,1300 York Ave.,1300 YORK AVE,10065,Gold,2021.0,New York,LEED,40.7649911,-73.9547899,Commercial Interiors,v2009,19262,D,17,1014640028,1014640028,MANHATTAN,1301 YORK AVENUE,NYC_2277,Not Available,304.3,LEED_1000078637,,,
LEED_1000066373,2539,88,exact_address_borough,"addr=108 E 89 ST, borough=MANHATTAN",The Dalton School STEM expansion,108 East 89th Street,108 E 89 ST,10128,Gold,2021.0,New York,LEED,40.7815529,-73.9549479,Schools - New Construction,v2009,12120,D,34,1015170062,1015170062,MANHATTAN,108 EAST 89 STREET,NYC_2539,581.8,86.1,LEED_1000066373,,,
LEED_1000100166,6397,85,fuzzy_address,"score=97, addr=1680 MADISON AVE",NYULMC 180 Madison Avenue,180 Madison Avenue,180 MADISON AVE,10016,Certified,2020.0,New York,LEED,40.7476205,-73.983485,Commercial Interiors,v4,86743,D,44,1016170007,1016170007,MANHATTAN,1680 MADISON AVENUE,NYC_6397,680.3,81.2,LEED_1000100166,,,
LEED_1000065747,118,50,fuzzy_name,"score=76, name=WAGNER HOTEL",TWA Hotel,Terminal 5 JFK Access Road,5 JFK ACCESS RD,11430,Gold,2020.0,New York,LEED,40.6458145,-73.7752906,New Construction,v2009,432000,D,30,1000167513,1000167513,MANHATTAN,25 BATTERY PLACE,NYC_118,3122.57,74.5,LEED_1000065747,,,
LEED_1000017711,1089,77,fuzzy_address,"score=88, addr=72 GREENE ST",NYU - 239 Greene St - East Bldg,239 Greene Street,239 GREENE ST,10003,Silver,2020.0,New York,LEED,40.7296991,-73.9954861,Commercial Interiors,v2009,61390,D,33,1004850008,1004850008,MANHATTAN,72 GREENE STREET,NYC_1089,389.7,129,LEED_1000017711,,,
LEED_1000057772,2612,53,fuzzy_name,"score=80, name=96 FIFTH AVENUE",61 Ninth Avenue,61 Ninth Avenue,61 NINTH AVE,10014,Gold,2020.0,New York,LEED,40.7417257,-74.0049801,Core and Shell,v4,153754,D,10,1008160042,1008160042,MANHATTAN,96 5 AVENUE,NYC_2612,1567.2,113.1,LEED_1000057772,,,
LEED_10452211,3559,84,fuzzy_address,"score=96, addr=64 PARK AVE",Park Avenue Armory,643 Park Avenue,643 PARK AVE,10021,Silver,2020.0,New York,LEED,40.7672376,-73.9655092,New Construction,v2.2,171340,D,14,1008670042,1008670042,MANHATTAN,64 PARK AVENUE,NYC_3559,973.7,130,LEED_10452211,,,
LEED_1000038821,3260,88,exact_address_borough,"addr=55 W 17 ST, borough=MANHATTAN",55 West 17th Street,55 West 17th Street,55 W 17 ST,10011,Silver,2020.0,New York,LEED,40.7391961,-73.9947104,New Construction,v2009,115144,D,39,1008197505,1008197505,MANHATTAN,55 WEST 17 STREET,NYC_3260,537.42,49.1,LEED_1000038821,,,
LEED_1000074702,1397,54,fuzzy_name,"score=81, name=434 SIXTH AVENUE",441 Ninth Avenue,441 Ninth Avenue,441 NINTH AVE,10001,Platinum,2020.0,New York,LEED,40.7538481,-73.9965009,Core and Shell,v2009,593875,D,18,1005730006,1005730006,MANHATTAN,434 AVENUE OF THE AMERICAS,NYC_1397,270.4,103,LEED_1000074702,,,
LEED_1000030417,760,75,fuzzy_address,"score=86, addr=353 E 4 ST",David H. Koch Center for Cancer Care,523 East 74th Street,523 E 74 ST,10021,Gold,2020.0,New York,LEED,40.7676943,-73.9510931,Healthcare,v2009,712178,D,39,1003740043,1003740043,MANHATTAN,353 EAST 4 STREET,NYC_760,,,LEED_1000030417,,,
LEED_1000090282,4898,88,exact_address_borough,"addr=15 E 57 ST, borough=MANHATTAN",CHANEL US6114 US NEW YORK 57TH ST,15 East 57th Street,15 E 57 ST,10022,Silver,2020.0,New York,LEED,40.7627122,-73.972764,Retail - Commercial Interiors,v2009,44908,D,15,1012930012,1012930012,MANHATTAN,15 EAST 57 STREET,NYC_4898,544.4,84,LEED_1000090282,,,
LEED_1000125527,1668,78,fuzzy_address,"score=89, addr=768 5 AVE",110143 GM Bldg NYC Fl 33 WIM,767 5th Avenue,767 5 AVE,10153,Certified,2020.0,New York,LEED,40.7636433,-73.9726971,Commercial Interiors,v4,15140,D,1,1012747504,1012747504,MANHATTAN,768 5 AVENUE,NYC_1668,8241.65,101.9,LEED_1000125527,,,
LEED_1000055693,5315,81,fuzzy_address,"score=92, addr=5009 BROADWAY",Teaching and Learning Center,3009 Broadway,3009 BROADWAY,10027,Silver,2020.0,New York,LEED,40.809974,-73.962904,New Construction,v2009,127808,D,24,1022430030,1022430030,MANHATTAN,5009 BROADWAY,NYC_5315,333.7,53.7,LEED_1000055693,,,
LEED_1000090586,25,80,fuzzy_address,"score=91, addr=101 WALL ST",120 Wall Street,120 Wall Street,120 WALL ST,10005,Gold,2020.0,New York,LEED,40.7047178,-74.0059883,Existing Buildings,v4,609310,D,13,1000337501,1000337501,MANHATTAN,101 WALL STREET,NYC_25,609.75,73.1,LEED_1000090586,,,
LEED_1000053851,761,78,fuzzy_address,"score=89, addr=241 9 AVE",One Manhattan West,"401 9th Ave, New York",401 9 AVE,10001,Gold,2020.0,New York,LEED,40.7527175,-73.996804,Core and Shell,v2009,1900000,D,21,1007220043,1007220043,MANHATTAN,241 9 AVENUE,NYC_761,238.3,78.7,LEED_1000053851,,,
LEED_1000030813,2218,79,fuzzy_address,"score=90, addr=1355 1 AVE",15 Hudson Yards,355 10th Ave / TBD,355 10 AVE,10001,Gold,2020.0,New York,LEED,40.752978,-74.0009031,New Construction,v2009,845182,D,15,1014477502,1014477502,MANHATTAN,1355 1 AVENUE,NYC_2218,795.29,75.7,LEED_1000030813,,,
LEED_1000112930,40,77,fuzzy_address,"score=88, addr=56 FULTON ST",Perform Sports One WTC 71st & 72nd Flrs,285 Fulton Street,285 FULTON ST,10007,Gold,2020.0,New York,LEED,40.7131216,-74.0133631,Commercial Interiors,v4,50000,D,41,1000760006,1000760006,MANHATTAN,56 FULTON STREET,NYC_40,806.43,94.2,LEED_1000112930,,,
LEED_1000125560,820,77,fuzzy_address,"score=88, addr=61 7 AVE",Starbucks Reserve New York Roastery,61 9th Ave,61 9 AVE,10011,Gold,2019.0,New York,LEED,40.7416944,-74.0056597,Retail - Commercial Interiors,v2009,22600,D,16,1007900001,1007900001,MANHATTAN,61 7 AVENUE,NYC_820,2358.8,68.3,LEED_1000125560,,,
LEED_1000017618,5318,80,fuzzy_address,"score=91, addr=304 E 42 ST",Helen L. and Martin S. Kimmel Pavilion,424 East 34th Street,424 E 34 ST,10016,Platinum,2019.0,New York,LEED,40.7421182,-73.9739578,New Construction,v2009,794520,D,14,1013340005,1013340005,MANHATTAN,304 EAST 42 STREET,NYC_5318,Not Available,Not Available,LEED_1000017618,,,
LEED_1000078696,3297,88,exact_address_borough,"addr=505 5 AVE, borough=MANHATTAN",Norges Bank,505 5th Avenue,505 5 AVE,10017,Gold,2019.0,New York,LEED,40.7535621,-73.9803806,Commercial Interiors,v2009,14600,D,35,1012770002,1012770002,MANHATTAN,505 5 AVENUE,NYC_3297,2053.77,75.8,LEED_1000078696,,,
LEED_1000075459,218,83,fuzzy_address,"score=94, addr=275 GREENWICH ST",GroupM WPP - 3WTC,175 Greenwich St,175 GREENWICH ST,10006,Gold,2019.0,New York,LEED,40.7113705,-74.012252,Commercial Interiors,v2009,447748,D,9,1001327501,1001327501,MANHATTAN,275 GREENWICH STREET,NYC_218,1004.55,85.6,LEED_1000075459,,,
LEED_1000108917,1043,86,fuzzy_address,"score=97, addr=116 OF THE AMERICAS",William Blair NYC,1166 Avenue of the Americas,1166 OF THE AMERICAS,10036,Silver,2019.0,New York,LEED,40.7568517,-73.9820388,Commercial Interiors,v4,32699,D,1,1004760019,1004760019,MANHATTAN,116 AVENUE OF THE AMERICAS,NYC_1043,265.9,136.7,LEED_1000108917,,,
LEED_1000116318,5236,88,exact_address_borough,"addr=675 3 AVE, borough=MANHATTAN",675 Third Avenue & 205 East 42nd Street,675 3rd Avenue,675 3 AVE,10017,Gold,2019.0,New York,LEED,40.751077,-73.9738022,Existing Buildings,v4,786576,D,51,1013160001,1013160001,MANHATTAN,675 3 AVENUE,NYC_5236,2165.8,102.9,LEED_1000116318,,,
LEED_1000087457,993,77,fuzzy_address,"score=88, addr=309 LEXINGTON AVE",360 Lexington Ave Recertification,360 Lexginton Avenue,360 LEXGINTON AVE,10168,Gold,2019.0,New York,LEED,40.7503897,-73.9770422,Existing Buildings,v2009,234427,D,48,1008930064,1008930064,MANHATTAN,309 LEXINGTON AVENUE,NYC_993,252.3,79.1,LEED_1000087457,,,
LEED_1000056744,3658,80,fuzzy_address,"score=91, addr=224 W 50 ST",512 W. 22nd Street,510 West 22nd Street,510 W 22 ST,10011,Gold,2019.0,New York,LEED,40.747237,-74.0053428,Core and Shell,v2009,151532,D,1,1010210052,1010210052,MANHATTAN,224 WEST 50 STREET,NYC_3658,293.16,67.7,LEED_1000056744,,,
LEED_1000017897,1606,69,fuzzy_name,"score=100, name=GREENWICH LANE",The Greenwich Lane,One 7th Avenue,ONE 7 AVE,10011,Gold,2019.0,New York,LEED,40.7439224,-74.0062324,New Construction,v2009,708809,D,6,1006077503,1006077503,MANHATTAN,133 WEST 11 STREET,NYC_1606,4800.1,92.4,LEED_1000017897,,,
LEED_1000119626,6647,89,fuzzy_address,"score=100, addr=55 W 125 ST",125 West 55th Street Recertification,125 West 55th Street,125 W 55 ST,10019,Gold,2019.0,New York,LEED,40.763598,-73.9789514,Existing Buildings,v2009,588317,D,50,1017230010,1017230010,MANHATTAN,55 WEST 125 STREET,NYC_6647,1578.7,104.7,LEED_1000119626,,,
LEED_1000041582,2031,86,fuzzy_address,"score=97, addr=61 LEXINGTON AVE",100 East 53rd Street,610 Lexington Ave,610 LEXINGTON AVE,10022,Silver,2019.0,New York,LEED,40.7583039,-73.9713406,New Construction,v2009,318867,D,20,1008817501,1008817501,MANHATTAN,61 LEXINGTON AVENUE,NYC_2031,140.2,49.9,LEED_1000041582,,,
LEED_1000043130,2012,88,exact_address_borough,"addr=520 W 30 ST, borough=MANHATTAN",30th Street Phase II B - One Hudson Yard,520 W 30th St.,520 W 30 ST,10001,Gold,2019.0,New York,LEED,40.7525711,-74.0023751,New Construction,v2009,312272,D,30,1007010016,1007010016,MANHATTAN,520 WEST 30 STREET,NYC_2012,2035.7,75.5,LEED_1000043130,,,
LEED_1000099043,2272,88,exact_address_borough,"addr=1345 OF THE AMERICAS, borough=MANHATTAN",1345 Avenue of the Americas,1345 Avenue of the Americas,1345 OF THE AMERICAS,10105,Silver,2019.0,New York,LEED,40.763104,-73.9790544,Existing Buildings,v4,1866766,D,41,1010070029,1010070029,MANHATTAN,1345 AVENUE OF THE AMERICAS,NYC_2272,13335.7,92.8,LEED_1000099043,,,
LEED_1000046832,3373,80,fuzzy_address,"score=91, addr=145 E 50 ST",Extell 14th Street - Building AB,500 East 14th St.,500 E 14 ST,10009,Silver,2019.0,New York,LEED,40.7301906,-73.9799672,Mid-rise,v2008,180960,D,34,1013050028,1013050028,MANHATTAN,145 EAST 50 STREET,NYC_3373,1065.7,108,LEED_1000046832,,,
LEED_1000099874,1772,84,fuzzy_address,"score=95, addr=1031 6 AVE",JLABS at NYGC,101  6th Avenue,101 6 AVE,10013,Certified,2019.0,New York,LEED,40.7234213,-74.0054532,Commercial Interiors,v4,18505,D,9,1008147501,1008147501,MANHATTAN,1031 6 AVENUE,NYC_1772,2107.4,75.7,LEED_1000099874,,,
LEED_1000061168,2787,88,exact_address_borough,"addr=301 FREEDOM PL S, borough=MANHATTAN",Collegiate School New K-12 Facility,301 Freedom Place South,301 FREEDOM PL S,10069,Silver,2019.0,New York,LEED,40.7737432,-73.9906703,Schools - New Construction,v2009,158539,D,48,1011710151,1011710151,MANHATTAN,301 FREEDOM PLACE SOUTH,NYC_2787,922.9,59.5,LEED_1000061168,,,
LEED_1000106676,1656,86,fuzzy_address,"score=97, addr=1400 OF THE AMERICAS",100 Avenue of the Americas,100 Avenue of the Americas,100 OF THE AMERICAS,10013,Gold,2019.0,New York,LEED,40.7149629,-73.7356338,Existing Buildings,v4,375494,D,45,1012730001,1012730001,MANHATTAN,1400 AVENUE OF THE AMERICAS,NYC_1656,1136.6,100.5,LEED_1000106676,,,
LEED_1000101676,1963,84,fuzzy_address,"score=96, addr=20 PARK AVE",200 Park Ave,200 Park Ave,200 PARK AVE,10166,Silver,2019.0,New York,LEED,40.7533488,-73.9766668,Existing Buildings,v4,2993388,D,48,1008650032,1008650032,MANHATTAN,20 PARK AVENUE,NYC_1963,688.9,82.9,LEED_1000101676,,,
LEED_1000106678,375,81,fuzzy_address,"score=92, addr=145 HUDSON ST",435 Hudson Street,435 Hudson Street,435 HUDSON ST,10014,Gold,2019.0,New York,LEED,40.730631,-74.0071658,Existing Buildings,v4,269084,D,14,1002147502,1002147502,MANHATTAN,145 HUDSON STREET,NYC_375,912.41,65.6,LEED_1000106678,,,
LEED_1000093327,628,59,fuzzy_name,"score=88, name=110 THIRD AVENUE",600 Third Avenue,600 Third Avenue,600 THIRD AVE,10016,Gold,2019.0,New York,LEED,40.7493238,-73.9759092,Existing Buildings,v2009,533902,D,35,1005597501,1005597501,MANHATTAN,108 3 AVENUE,NYC_628,,,LEED_1000093327,,,
LEED_1000069910,1963,84,fuzzy_address,"score=96, addr=20 PARK AVE",Metlife 200 Park Ave.,200 Park Avenue,200 PARK AVE,10166,Platinum,2019.0,New York,LEED,40.7533488,-73.9766668,Commercial Interiors,v2009,530000,D,48,1008650032,1008650032,MANHATTAN,20 PARK AVENUE,NYC_1963,688.9,82.9,LEED_1000069910,,,
LEED_1000100288,2383,88,exact_address_borough,"addr=500 W 30 ST, borough=MANHATTAN",109757 Abington House,500 W 30th Street,500 W 30 ST,10001,Silver,2018.0,New York,LEED,40.7521071,-74.0016428,Retail - Commercial Interiors,v2009,2500,D,52,1007017502,1007017502,MANHATTAN,500 WEST 30 STREET,NYC_2383,2118.49,64.7,LEED_1000100288,,,
LEED_1000100292,1024,72,fuzzy_address,"score=82, addr=67 3 AVE",109320 Urban Outfitters CVS Bldg,374 6th Avenue,374 6 AVE,10011,Silver,2018.0,New York,LEED,40.732641,-74.0000623,Retail - Commercial Interiors,v2009,1977,D,47,1004670001,1004670001,MANHATTAN,67 3 AVENUE,NYC_1024,1745.2,74.2,LEED_1000100292,,,
LEED_1000109403,154,88,exact_address_borough,"addr=100 WILLIAM ST, borough=MANHATTAN",100 William v4 LEED EB: O+M,100 William Street,100 WILLIAM ST,10038,Silver,2018.0,New York,LEED,40.7083741,-74.0071976,Existing Buildings,v4,480602,D,18,1000680036,1000680036,MANHATTAN,100 WILLIAM STREET,NYC_154,2537.37,77.4,LEED_1000109403,,,
LEED_1000100764,1309,80,fuzzy_address,"score=91, addr=246 W 61 ST",Nestle Waters North America NYC,621 West 46th St.,621 W 46 ST,10036,Certified,2018.0,New York,LEED,40.7640706,-73.9975569,Commercial Interiors,v4,5000,D,11,1011520058,1011520058,MANHATTAN,246 WEST 61 STREET,NYC_1309,990.9,75,LEED_1000100764,,,
LEED_1000026230,3444,80,fuzzy_address,"score=91, addr=301 E 40 ST",301 East 50th Street,301 East 50th Street,301 E 50 ST,10022,Gold,2018.0,New York,LEED,40.7549514,-73.9681149,New Construction,v2009,144966,D,37,1013330001,1013330001,MANHATTAN,301 EAST 40 STREET,NYC_3444,1663.6,57.6,LEED_1000026230,,,
LEED_1000067332,27,88,exact_address_borough,"addr=100 WALL ST, borough=MANHATTAN",100 Wall Street,100 Wall Street,100 WALL ST,10005,Silver,2018.0,New York,LEED,40.7051415,-74.0067386,Existing Buildings,v2009,519093,D,54,1000380001,1000380001,MANHATTAN,100 WALL STREET,NYC_27,3988.01,97.8,LEED_1000067332,,,
LEED_1000034835,5874,81,fuzzy_address,"score=92, addr=560 W 186 ST",Columbia University School of Nursing,560 West 168th Street,560 W 168 ST,10032,Gold,2018.0,New York,LEED,40.840458,-73.939063,New Construction,v2009,69960,D,45,1021570042,1021570042,MANHATTAN,560 WEST 186 STREET,NYC_5874,239.2,93.5,LEED_1000034835,,,
LEED_1000039057,1514,84,fuzzy_address,"score=96, addr=125 E 12 ST",CCCADI,120 E 125th St,120 E 125 ST,10035,Gold,2018.0,New York,LEED,40.8044915,-73.9381033,New Construction,v2009,9420,D,49,1005587503,1005587503,MANHATTAN,125 EAST 12 STREET,NYC_1514,359.58,63.6,LEED_1000039057,,,
LEED_1000016169,4959,81,fuzzy_address,"score=92, addr=100 HAVEN AVE",CUMC Medical Graduate and Education Bldg,104 Haven Avenue,104 HAVEN AVE,10032,Gold,2018.0,New York,LEED,40.8449942,-73.9425802,New Construction,v2009,100755,D,16,1021390250,1021390250,MANHATTAN,100 HAVEN AVENUE,NYC_4959,11742.14,527,LEED_1000016169,,,
LEED_1000033563,8229,75,fuzzy_address,"score=86, addr=509 W 121 ST",Teachers College: Bancroft Hall,509 West 121st,509 W 121,10027,Certified,2018.0,New York,LEED,40.8105884,-73.9595399,New Construction,v2009,91364,D,20,1019760020,1019760020,MANHATTAN,509 WEST 121 STREET,NYC_8229,131,13.5,LEED_1000033563,,,
LEED_1000042488,1461,73,fuzzy_address,"score=84, addr=66 CHARLTON ST",70 Charlton St,68-74 Charlton St,68-74 CHARLTON ST,10014,Certified,2018.0,New York,LEED,40.7270699,-74.0062107,New Construction,v2009,224400,D,38,1005800015,1005800015,MANHATTAN,66 CHARLTON STREET,NYC_1461,111,37.8,LEED_1000042488,,,
LEED_1000015961,1733,80,fuzzy_address,"score=91, addr=221 W 12 ST",City of NY - Irish Repertory Theatre,132 West 22nd Street,132 W 22 ST,10011,Gold,2018.0,New York,LEED,40.7426874,-73.9947651,Commercial Interiors,v2009,8174,D,10,1006170021,1006170021,MANHATTAN,221 WEST 12 STREET,NYC_1733,248.9,95.3,LEED_1000015961,,,
LEED_1000102798,1830,78,fuzzy_address,"score=89, addr=939 1 AVE",Starbucks 1st btwn 53rd & 54th,969 1st Ave,969 1 AVE,10022,Silver,2018.0,New York,LEED,40.756065,-73.96484,Retail - Commercial Interiors,v2009,1691,D,46,1013440030,1013440030,MANHATTAN,939 1 AVENUE,NYC_1830,639.5,72.3,LEED_1000102798,,,
LEED_1000031967,1980,83,fuzzy_address,"score=94, addr=48 7 AVE",498 7th Avenue LEED Recertification,498 7th Avenue,498 7 AVE,10018,Gold,2018.0,New York,LEED,40.7527648,-73.989662,Existing Buildings,v2009,936037,D,33,1006180033,1006180033,MANHATTAN,48 7 AVENUE,NYC_1980,0,Not Available,LEED_1000031967,,,
LEED_1000105726,1713,80,fuzzy_address,"score=91, addr=150 E 45 ST",2 Grand Central Tower,140 East 45th Street,140 E 45 ST,10017,Gold,2018.0,New York,LEED,40.752707,-73.9740497,Existing Buildings,v2009,655946,D,43,1012990041,1012990041,MANHATTAN,150 EAST 45 STREET,NYC_1713,165.6,68.5,LEED_1000105726,,,
LEED_1000041775,4166,82,fuzzy_address,"score=93, addr=2280 FREDERICK DOUGLASS BLVD",2040 Frederick Douglass Boulevard,2040 Frederick Douglass Boulevard,2040 FREDERICK DOUGLASS BLVD,10026,Silver,2018.0,New York,LEED,40.800926,-73.957498,New Construction,v2009,113193,D,21,1019287506,1019287506,MANHATTAN,2280 FREDERICK DOUGLASS BLVD.,NYC_4166,454.76,40.4,LEED_1000041775,,,
LEED_1000029763,701,84,fuzzy_address,"score=95, addr=355 E 10 ST",NYU - 55 E 10th St - Brittany Hall,55 East 10th Street,55 E 10 ST,10003,Silver,2018.0,New York,LEED,40.7320455,-73.9917951,New Construction,v2009,144908,D,32,1003930056,1003930056,MANHATTAN,355 EAST 10 STREET,NYC_701,,,LEED_1000029763,,,
LEED_1000076316,1384,83,fuzzy_address,"score=94, addr=35 5 AVE",Global Brands Group 5th Floor,350 5th Avenue,350 5 AVE,10118,Gold,2017.0,New York,LEED,40.7484799,-73.9854245,Commercial Interiors,v2009,62961,D,49,1005680001,1005680001,MANHATTAN,35 5 AVENUE,NYC_1384,1060.5,88.8,LEED_1000076316,,,
LEED_1000090235,1923,85,fuzzy_address,"score=97, addr=35 MADISON AVE",World Economic Forum,350 Madison Avenue,350 MADISON AVE,10017,Platinum,2017.0,New York,LEED,40.7547484,-73.9786411,Commercial Interiors,v2009,31238,D,48,1008550037,1008550037,MANHATTAN,35 MADISON AVENUE,NYC_1923,4427.4,116.1,LEED_1000090235,,,
LEED_1000028995,32,88,exact_address_borough,"addr=133 GREENWICH ST, borough=MANHATTAN",133 Greenwich St Marriott,133 Greenwich St,133 GREENWICH ST,10006,Silver,2017.0,New York,LEED,40.7093863,-74.0127065,New Construction,v2009,148229,D,40,1000520008,1000520008,MANHATTAN,133 GREENWICH STREET,NYC_32,1019.8,123.9,LEED_1000028995,,,
LEED_1000100443,272,81,fuzzy_address,"score=92, addr=120 CHURCH ST",100 Church Street,100 Church Street,100 CHURCH ST,10007,Gold,2017.0,New York,LEED,40.7132971,-74.010207,Existing Buildings,v2009,995113,D,44,1001260027,1001260027,MANHATTAN,120 CHURCH STREET,NYC_272,2952.38,51.4,LEED_1000100443,,,
LEED_1000039782,3701,88,exact_address_borough,"addr=1440 BROADWAY, borough=MANHATTAN",1440 Broadway - Recertification,1440 Broadway,1440 BROADWAY,10018,Gold,2017.0,New York,LEED,40.7543899,-73.9864464,Existing Buildings,v2009,689421,D,32,1009930011,1009930011,MANHATTAN,1440 BROADWAY,NYC_3701,2489.26,34.7,LEED_1000039782,,,
LEED_1000078681,3602,88,exact_address_borough,"addr=787 7 AVE, borough=MANHATTAN",787 7th Ave,787 7th Ave,787 7 AVE,10019,Gold,2017.0,New York,LEED,40.7618356,-73.9821805,Existing Buildings,v4,1811610,D,50,1010040020,1010040020,MANHATTAN,787 7 AVENUE,NYC_3602,12479.4,89,LEED_1000078681,,,
LEED_1000018067,2218,79,fuzzy_address,"score=90, addr=1355 1 AVE",10 Hudson Yards,355 10th Ave,355 10 AVE,10001,Platinum,2017.0,New York,LEED,40.752978,-74.0009031,Core and Shell,v2009,1678018,D,15,1014477502,1014477502,MANHATTAN,1355 1 AVENUE,NYC_2218,795.29,75.7,LEED_1000018067,,,
LEED_1000098326,3831,85,fuzzy_address,"score=96, addr=1784 BROADWAY",144377 Broadway & 10th,784 Broadway,784 BROADWAY,10003,Certified,2017.0,New York,LEED,40.7315969,-73.991387,Retail - Commercial Interiors,v2009,3864,D,32,1010290053,1010290053,MANHATTAN,1784 BROADWAY,NYC_3831,2025.37,104.2,LEED_1000098326,,,
LEED_1000032431,4001,88,exact_address_borough,"addr=335 E 27 ST, borough=MANHATTAN",Carmel Place,335 East 27th Street,335 E 27 ST,10016,Silver,2017.0,New York,LEED,40.739866,-73.977376,New Construction,v2009,34453,D,38,1009337501,1009337501,MANHATTAN,335 EAST 27 STREET,NYC_4001,154.91,58.8,LEED_1000032431,,,
LEED_1000041235,1386,78,fuzzy_address,"score=89, addr=30 E 10 ST",LOreal HQ,10th Ave W 30th Street,10 30 ST,10001,Gold,2017.0,New York,LEED,40.7520507,-74.0015759,Commercial Interiors,v2009,275411,D,37,1005610009,1005610009,MANHATTAN,30 EAST 10 STREET,NYC_1386,195.26,65.5,LEED_1000041235,,,
LEED_1000071494,3743,88,exact_address_borough,"addr=1285 OF THE AMERICAS, borough=MANHATTAN",UBS 1285 Avenue of the Americas Floor 38,1285 Avenue of the Americas,1285 OF THE AMERICAS,10019,Silver,2017.0,New York,LEED,40.7609303,-73.9800329,Commercial Interiors,v2009,20350,D,43,1010040029,1010040029,MANHATTAN,1285 AVENUE OF THE AMERICAS,NYC_3743,12625.5,95.8,LEED_1000071494,,,
LEED_1000057573,1963,84,fuzzy_address,"score=96, addr=20 PARK AVE",Merrill Lynch - 200 Park 34th Fl,200 Park Avenue,200 PARK AVE,10166,Gold,2017.0,New York,LEED,40.7533488,-73.9766668,Commercial Interiors,v2009,30864,D,48,1008650032,1008650032,MANHATTAN,20 PARK AVENUE,NYC_1963,688.9,82.9,LEED_1000057573,,,
LEED_1000069012,538,81,fuzzy_address,"score=92, addr=459 BROADWAY",Union Square,859 B Broadway,859 BROADWAY,10003,Certified,2017.0,New York,LEED,40.7373731,-73.9904166,Commercial Interiors,v2009,3311,D,39,1002310030,1002310030,MANHATTAN,459 BROADWAY,NYC_538,199.5,89.6,LEED_1000069012,,,
LEED_1000061276,1091,88,exact_address_borough,"addr=529 BROADWAY, borough=MANHATTAN",NIKE Inline Store: SoHo,529 Broadway,529 BROADWAY,10002,Certified,2017.0,New York,LEED,40.7233389,-73.999046,Retail - Commercial Interiors,v2009,46819,D,15,1004980023,1004980023,MANHATTAN,529 BROADWAY,NYC_1091,383.2,102.4,LEED_1000061276,,,
LEED_1000064557,375,81,fuzzy_address,"score=92, addr=145 HUDSON ST",315 Hudson Street Recertification,315 Hudson Street,315 HUDSON ST,10013,Silver,2017.0,New York,LEED,40.7263022,-74.0080699,Existing Buildings,v2009,427972,D,14,1002147502,1002147502,MANHATTAN,145 HUDSON STREET,NYC_375,912.41,65.6,LEED_1000064557,,,
LEED_1000021740,100,84,fuzzy_address,"score=95, addr=21 WEST ST",Watts and West,281 West Street,281 WEST ST,10013,Gold,2017.0,New York,LEED,40.7239312,-74.0106866,New Construction,v2009,185300,D,23,1000150022,1000150022,MANHATTAN,21 WEST STREET,NYC_100,1758.79,61.3,LEED_1000021740,,,
LEED_1000062573,3684,88,exact_address_borough,"addr=250 W 57 ST, borough=MANHATTAN",COOKFOX Office,250 W 57th Street,250 W 57 ST,10107,Platinum,2017.0,New York,LEED,40.7662424,-73.9824061,Commercial Interiors,v2009,13341,D,52,1010280056,1010280056,MANHATTAN,250 WEST 57 STREET,NYC_3684,2802.14,62.2,LEED_1000062573,,,
LEED_1000066178,7076,88,exact_address_borough,"addr=100 W 125 ST, borough=MANHATTAN",TD Bank - New York NY - 124th & Lenox,100 West 125th Street,100 W 125 ST,10027,Silver,2017.0,New York,LEED,40.8076461,-73.9461771,Retail - Commercial Interiors,v2009,2491,D,1,1019090033,1019090033,MANHATTAN,100 WEST 125 STREET,NYC_7076,,,LEED_1000066178,,,
LEED_1000027593,5048,88,exact_address_borough,"addr=20 W 53 ST, borough=MANHATTAN",New York Public Library 53rd St Branch,20 West 53rd Street,20 W 53 ST,10019,Gold,2017.0,New York,LEED,40.7608057,-73.9773859,Commercial Interiors,v2009,26683,D,15,1012687503,1012687503,MANHATTAN,20 WEST 53 STREET,NYC_5048,2781.04,89.8,LEED_1000027593,,,
LEED_1000067191,1384,83,fuzzy_address,"score=94, addr=35 5 AVE",Global Brands Group 10th Floor,350 5th Avenue,350 5 AVE,10118,Gold,2017.0,New York,LEED,40.7484799,-73.9854245,Commercial Interiors,v2009,33397,D,49,1005680001,1005680001,MANHATTAN,35 5 AVENUE,NYC_1384,1060.5,88.8,LEED_1000067191,,,
LEED_1000070544,40,77,fuzzy_address,"score=88, addr=56 FULTON ST",Mic Office at 1 WTC,285 Fulton St,285 FULTON ST,10007,Gold,2017.0,New York,LEED,40.7131216,-74.0133631,Commercial Interiors,v2009,21719,D,41,1000760006,1000760006,MANHATTAN,56 FULTON STREET,NYC_40,806.43,94.2,LEED_1000070544,,,
LEED_1000072097,1339,81,fuzzy_address,"score=92, addr=2175 BROADWAY",109241-250 West 89th Street,2415 Broadway,2415 BROADWAY,10024,Certified,2017.0,New York,LEED,40.7901901,-73.9754507,Retail - Commercial Interiors,v2009,2035,D,34,1011680056,1011680056,MANHATTAN,2175 BROADWAY,NYC_1339,797.1,99.9,LEED_1000072097,,,
LEED_1000027895,582,84,fuzzy_address,"score=95, addr=196 OF THE AMERICAS",Gods Love We Deliver Expansion,166 Avenue Of The Americas,166 OF THE AMERICAS,10013,Silver,2017.0,New York,LEED,40.6891573,-73.7827761,New Construction,v2009,48500,D,41,1005040014,1005040014,MANHATTAN,196 AVENUE OF THE AMERICAS,NYC_582,155.18,62.3,LEED_1000027895,,,
LEED_10357680,225,73,fuzzy_address,"score=83, addr=55 CHURCH ST",99 Church Street,99 Church Street,99 CHURCH ST,10007,Silver,2017.0,New York,LEED,40.7128554,-74.0093466,New Construction,v2.2,584647,D,48,1000800004,1000800004,MANHATTAN,55 CHURCH STREET,NYC_225,2883,114.1,LEED_10357680,,,
LEED_1000010932,855,88,exact_address_borough,"addr=35 W 15 ST, borough=MANHATTAN",35 West 15th Street,35 West 15th Street,35 W 15 ST,10011,Silver,2017.0,New York,LEED,40.737495,-73.9947042,New Construction,v2009,136650,D,35,1008177503,1008177503,MANHATTAN,35 WEST 15 STREET,NYC_855,962.72,62.1,LEED_1000010932,,,
LEED_1000085247,2270,79,fuzzy_address,"score=90, addr=1335 6 AVE",1325 Avenue of the Americas,1325 6th Avenue,1325 6 AVE,10019,Gold,2016.0,New York,LEED,40.7629282,-73.9808961,Existing Buildings,v2009,898743,D,20,1010067502,1010067502,MANHATTAN,1335 6 AVENUE,NYC_2270,13864.1,120.9,LEED_1000085247,,,
LEED_1000041727,60,88,exact_address_borough,"addr=75 BROAD ST, borough=MANHATTAN",Cooper Carry NYC Office,75 Broad Street,75 BROAD ST,10004,Gold,2016.0,New York,LEED,40.7046172,-74.0112325,Commercial Interiors,v2009,2927,D,35,1000290070,1000290070,MANHATTAN,75 BROAD STREET,NYC_60,5709.1,87.6,LEED_1000041727,,,
LEED_1000063230,1384,83,fuzzy_address,"score=94, addr=35 5 AVE",LinkedIn-ESB 26,350 5th Avenue,350 5 AVE,10118,Gold,2016.0,New York,LEED,40.7484799,-73.9854245,Commercial Interiors,v2009,21340,D,49,1005680001,1005680001,MANHATTAN,35 5 AVENUE,NYC_1384,1060.5,88.8,LEED_1000063230,,,
LEED_1000072765,6397,85,fuzzy_address,"score=97, addr=1680 MADISON AVE",180 Madison Avenue,180 Madison Avenue,180 MADISON AVE,10016,Gold,2016.0,New York,LEED,40.7476205,-73.983485,Existing Buildings,v2009,280956,D,44,1016170007,1016170007,MANHATTAN,1680 MADISON AVENUE,NYC_6397,680.3,81.2,LEED_1000072765,,,
LEED_11030999,5620,75,fuzzy_address,"score=86, addr=205 E 42 ST",CBNA-NY-205 E 42 Street,205 E42nd Street,205 E42 ST,10017,Gold,2016.0,New York,LEED,40.7509053,-73.9735855,Retail - Commercial Interiors,v1.0 pilot,5626,D,45,1013167501,1013167501,MANHATTAN,205 EAST 42 STREET,NYC_5620,2760.3,81.4,LEED_11030999,,,
LEED_1000065101,2743,82,fuzzy_address,"score=93, addr=2039 BROADWAY",108891-Broadway & 70th Relo,2039-A Broadway,2039-A BROADWAY,10023,Certified,2016.0,New York,LEED,40.7776667,-73.9826008,Retail - Commercial Interiors,v2009,1391,D,19,1011620029,1011620029,MANHATTAN,2039 BROADWAY,NYC_2743,2594.62,84.4,LEED_1000065101,,,
LEED_1000029483,5499,88,exact_address_borough,"addr=285 MADISON AVE, borough=MANHATTAN",285 Madison Avenue,285 Madison Avenue,285 MADISON AVE,10016,Gold,2016.0,New York,LEED,40.7516309,-73.979789,Core and Shell,v2009,436295,D,45,1012750023,1012750023,MANHATTAN,285 MADISON AVENUE,NYC_5499,2619.6,72.7,LEED_1000029483,,,
LEED_1000058596,2433,80,fuzzy_address,"score=91, addr=301 W 57 ST",Hearst Tower Recertification,300 W 57th Street,300 W 57 ST,10019,Platinum,2016.0,New York,LEED,40.7666438,-73.9835011,Existing Buildings,v2009,828874,D,1,1010487503,1010487503,MANHATTAN,301 WEST 57 STREET,NYC_2433,2398.8,74,LEED_1000058596,,,
LEED_1000069972,5425,70,fuzzy_address,"score=80, addr=2 W 45 ST",Starbucks 545 Fifth Ave.,2 West 45th,2 W 45,10036,Silver,2016.0,New York,LEED,40.7555104,-73.9802022,Retail - Commercial Interiors,v2009,1600,D,33,1012600042,1012600042,MANHATTAN,2 WEST 45 STREET,NYC_5425,610.4,64.2,LEED_1000069972,,,
LEED_1000016780,1799,80,fuzzy_address,"score=91, addr=235 E 57 ST",Whole Foods Market Midtown East,250 East 57th Street,250 E 57 ST,10107,Gold,2016.0,New York,LEED,40.7593012,-73.9663716,Retail - Commercial Interiors,v2009,35101,D,5,1013310017,1013310017,MANHATTAN,235 EAST 57 STREET,NYC_1799,415.2,107,LEED_1000016780,,,
LEED_1000063587,4861,88,exact_address_borough,"addr=280 PARK AVE, borough=MANHATTAN",Starbucks 49th St & Park Ave,280 Park Avenue,280 PARK AVE,10017,Certified,2016.0,New York,LEED,40.7567429,-73.9755649,Retail - Commercial Interiors,v2009,1927,D,40,1012840033,1012840033,MANHATTAN,280 PARK AVENUE,NYC_4861,Not Available,Not Available,LEED_1000063587,,,
LEED_1000068465,1366,79,fuzzy_address,"score=90, addr=26 BLEECKER ST",Starbucks 239 Bleecker St,239 Bleecker St,239 BLEECKER ST,10014,Silver,2016.0,New York,LEED,40.7307358,-74.0025036,Retail - Commercial Interiors,v2009,1800,D,48,1005210037,1005210037,MANHATTAN,26 BLEECKER STREET,NYC_1366,355.1,101.2,LEED_1000068465,,,
LEED_1000061740,1848,85,fuzzy_address,"score=96, addr=1265 BROADWAY",One Liberty Plaza,165 Broadway,165 BROADWAY,10006,Gold,2016.0,New York,LEED,40.7096195,-74.0105084,Existing Buildings,v2009,2346193,D,14,1008330075,1008330075,MANHATTAN,1265 BROADWAY,NYC_1848,440.7,79.7,LEED_1000061740,,,
LEED_10283030,6746,88,exact_address_borough,"addr=1820 MADISON AVE, borough=MANHATTAN",Lancaster Madison F,1820 Madison Avenue,1820 MADISON AVE,10035,Silver,2016.0,New York,LEED,40.8016581,-73.9439269,Mid-rise,v2008,39805,D,12,1017457503,1017457503,MANHATTAN,1820 MADISON AVENUE,NYC_6746,160.2,54.4,LEED_10283030,,,
LEED_1000031448,1923,85,fuzzy_address,"score=96, addr=35 MADISON AVE",The New York EDITION,5 Madison Avenue,5 MADISON AVE,10010,Certified,2016.0,New York,LEED,40.7412377,-73.9874559,New Construction,v2009,254787,D,48,1008550037,1008550037,MANHATTAN,35 MADISON AVENUE,NYC_1923,4427.4,116.1,LEED_1000031448,,,
LEED_10064182,72,50,fuzzy_name,"score=76, name=CY NEW YORK WORLD TRADE CENTER",World Trade Center Tower One,1 World Trade Center,1 WORLD TRADE CENTER,10048,Gold,2016.0,New York,LEED,40.7120719,-74.013395,Core and Shell,v2.0,3420100,D,32,1000530038,1000530038,MANHATTAN,100 GREENWICH STREET,NYC_72,456.8,85.2,LEED_10064182,,,
LEED_1000044282,3725,88,exact_address_borough,"addr=1540 BROADWAY, borough=MANHATTAN",Prudential - 1540 Broadway,"1540 Broadway, 36th Floor",1540 BROADWAY,10036,Gold,2016.0,New York,LEED,40.7580741,-73.9847908,Commercial Interiors,v2009,13210,D,42,1009987501,1009987501,MANHATTAN,1540 BROADWAY,NYC_3725,5068.7,65.4,LEED_1000044282,,,
LEED_10064213,72,83,fuzzy_address,"score=94, addr=100 GREENWICH ST",World Trade Center 4,150 Greenwich Street,150 GREENWICH ST,10007,Gold,2016.0,New York,LEED,40.7102889,-74.0122901,Core and Shell,v2.0,2190000,D,32,1000530038,1000530038,MANHATTAN,100 GREENWICH STREET,NYC_72,456.8,85.2,LEED_10064213,,,
LEED_1000051603,3306,88,exact_address_borough,"addr=545 5 AVE, borough=MANHATTAN",NBA Flagship Retail Store,545 5th Ave,545 5 AVE,10017,Gold,2016.0,New York,LEED,40.7550873,-73.979261,Retail - Commercial Interiors,v2009,27412,D,32,1012790069,1012790069,MANHATTAN,545 5 AVENUE,NYC_3306,1220.1,89,LEED_1000051603,,,
LEED_1000012659,918,79,fuzzy_address,"score=90, addr=29 E 22 ST",The Spence School,22 E 91st Street,22 E 91 ST,10128,Gold,2016.0,New York,LEED,40.7840359,-73.9570832,Schools - New Construction,v2009,106100,D,39,1008517504,1008517504,MANHATTAN,29 EAST 22 STREET,NYC_918,188.4,50.7,LEED_1000012659,,,
LEED_10826479,3116,84,fuzzy_address,"score=95, addr=250 W 88 ST",Roeloffs 25,25 West 88th Street,25 W 88 ST,10024,Platinum,2016.0,New York,LEED,40.7871816,-73.96924,Homes,v2008,8000,D,2,1012357501,1012357501,MANHATTAN,250 WEST 88 STREET,NYC_3116,446,89.1,LEED_10826479,,,
LEED_1000037074,1043,86,fuzzy_address,"score=97, addr=116 OF THE AMERICAS",MMC NY-1166 22nd Floor,1166 Avenue Of The Americas,1166 OF THE AMERICAS,10036,Gold,2016.0,New York,LEED,40.7568517,-73.9820388,Commercial Interiors,v2009,27085,D,1,1004760019,1004760019,MANHATTAN,116 AVENUE OF THE AMERICAS,NYC_1043,265.9,136.7,LEED_1000037074,,,
LEED_10352552,15659,85,exact_address_no_zip,addr=29 AVE,29 Flatbush,29 Flatbush Avenue,29 AVE,11217,Silver,2016.0,New York,LEED,40.6878815,-73.9798349,New Construction,v2.2,347000,D,52,-2147483648,2147483648,BROOKLYN,29 FLATBUSH AVENUE,NYC_15659,,,LEED_10352552,,,
LEED_10034107,4808,81,fuzzy_address,"score=92, addr=120 W 100 ST",City of New York-Riverside Health Center,160 West 100th Street,160 W 100 ST,10025,Gold,2016.0,New York,LEED,40.7959294,-73.9681724,New Construction,v2.2,37100,D,47,1018520031,1018520031,MANHATTAN,120 WEST 100 STREET,NYC_4808,907.5,50.8,LEED_10034107,,,
LEED_10065987,1988,80,fuzzy_address,"score=91, addr=505 W 19 ST",The Abington,505 West 29th Street,505 W 29 ST,10001,Gold,2016.0,New York,LEED,40.7518109,-74.0018238,New Construction,v2.2,401405,D,22,1006917502,1006917502,MANHATTAN,505 WEST 19 STREET,NYC_1988,633.98,51.7,LEED_10065987,,,
LEED_1000062000,482,86,fuzzy_address,"score=97, addr=2 OF THE AMERICAS",Starbucks 32 Avenue of the Americas,32 Avenue of the Americas,32 OF THE AMERICAS,10013,Certified,2016.0,New York,LEED,40.7594362,-73.8682767,Retail - Commercial Interiors,v2009,2400,D,38,1001910001,1001910001,MANHATTAN,2 AVENUE OF THE AMERICAS,NYC_482,1601.6,125.9,LEED_1000062000,,,
LEED_1000051379,738,88,exact_address_borough,"addr=314 GRAND ST, borough=MANHATTAN",TD Bank - NYC - 314 Grand Street,314 Grand Street,314 GRAND ST,10002,Gold,2015.0,New York,LEED,40.7174261,-73.9909773,Retail - Commercial Interiors,v2009,3676,D,46,1004130051,1004130051,MANHATTAN,314 GRAND STREET,NYC_738,103.4,40.6,LEED_1000051379,,,
LEED_1000054225,993,83,fuzzy_address,"score=94, addr=309 LEXINGTON AVE",360 Lexington Avenue Recertification,360 Lexington Avenue,360 LEXINGTON AVE,10168,Gold,2015.0,New York,LEED,40.7503897,-73.9770422,Existing Buildings,v2009,234427,D,48,1008930064,1008930064,MANHATTAN,309 LEXINGTON AVENUE,NYC_993,252.3,79.1,LEED_1000054225,,,
LEED_10264409,1290,80,fuzzy_address,"score=91, addr=173 W 78 ST",Rodeph Sholom School,163 West 78th Street,163 W 78 ST,10024,Certified,2015.0,New York,LEED,40.7823654,-73.9781016,Schools - New Construction,v2007,7760,D,30,1011500001,1011500001,MANHATTAN,173 WEST 78 STREET,NYC_1290,376.5,53.5,LEED_10264409,,,
LEED_10244866,2403,84,fuzzy_address,"score=95, addr=20 E 91 ST",Cooper-Hewitt National Design Museum,2 East 91st Street,2 E 91 ST,10128,Silver,2015.0,New York,LEED,40.7842946,-73.9578179,New Construction,v2.2,108708,D,6,1015020059,1015020059,MANHATTAN,20 EAST 91 STREET,NYC_2403,529.4,77.8,LEED_10244866,,,
LEED_1000036116,4,88,exact_address_borough,"addr=2 WATER ST, borough=MANHATTAN",Morgan Stanley - 1NYP fl 35 37 38,2 Water Street,2 WATER ST,10004,Silver,2015.0,New York,LEED,40.7028416,-74.0126922,Commercial Interiors,v2009,93507,D,13,1000087501,1000087501,MANHATTAN,2 WATER STREET,NYC_4,1062.8,90.6,LEED_1000036116,,,
LEED_1000045902,1384,83,fuzzy_address,"score=94, addr=35 5 AVE",LinkedIn-ESB 28,350 5th Avenue,350 5 AVE,10118,Gold,2015.0,New York,LEED,40.7484799,-73.9854245,Commercial Interiors,v2009,23617,D,49,1005680001,1005680001,MANHATTAN,35 5 AVENUE,NYC_1384,1060.5,88.8,LEED_1000045902,,,
LEED_1000030707,2519,78,fuzzy_address,"score=89, addr=655 6 AVE",635 6th Avenue,635 6th Avenue,635 6 AVE,10011,Silver,2015.0,New York,LEED,40.7409775,-73.9948026,Core and Shell,v2009,86265,D,3,1007967504,1007967504,MANHATTAN,655 6 AVENUE,NYC_2519,811.9,73.5,LEED_1000030707,,,
LEED_11011397,2511,88,exact_address_borough,"addr=777 OF THE AMERICAS, borough=MANHATTAN",107729 Sixth & 26th,777 Ave of the Americas,777 OF THE AMERICAS,10001,Silver,2015.0,New York,LEED,40.7452256,-73.9914967,Commercial Interiors,v2.0,2800,D,41,1008020036,1008020036,MANHATTAN,777 AVENUE OF THE AMERICAS,NYC_2511,1346.63,62.2,LEED_11011397,,,
LEED_1000019960,899,88,exact_address_borough,"addr=45 W 38 ST, borough=MANHATTAN",Archer Hotel 45 West 38th Street,45 West 38th St.,45 W 38 ST,10018,Silver,2015.0,New York,LEED,40.7520582,-73.9847017,New Construction,v2009,77200,D,29,1008400016,1008400016,MANHATTAN,45 WEST 38 STREET,NYC_899,885.94,155.8,LEED_1000019960,,,
LEED_1000032959,3809,82,fuzzy_address,"score=93, addr=4 COLUMBUS CIR",3 Columbus Circle 11th Floor,3 Columbus Circle,3 COLUMBUS CIR,10019,Gold,2015.0,New York,LEED,40.7669467,-73.9821805,Commercial Interiors,v2009,22622,D,18,1010480033,1010480033,MANHATTAN,4 COLUMBUS CIRCLE,NYC_3809,1549.07,119.2,LEED_1000032959,,,
LEED_10946175,9019,73,fuzzy_address,"score=84, addr=4395 BROADWAY",CBNA - NY - Inwood,4953-4955 Broadway,4953-4955 BROADWAY,10034,Silver,2015.0,New York,LEED,40.8681125,-73.9208161,Retail - Commercial Interiors,v1.0 pilot,3487,D,52,1021800315,1021800315,MANHATTAN,4395 BROADWAY,NYC_9019,238.4,62.2,LEED_10946175,,,
LEED_1000013203,2175,88,exact_address_borough,"addr=325 W 33 ST, borough=MANHATTAN",Fairfield Inn and Suites,325 W 33rd Street,325 W 33 ST,10001,Silver,2015.0,New York,LEED,40.75225,-73.9951269,New Construction,v2009,107253,D,49,1007570017,1007570017,MANHATTAN,325 WEST 33 STREET,NYC_2175,603.8,72.1,LEED_1000013203,,,
LEED_1000035412,1963,84,fuzzy_address,"score=96, addr=20 PARK AVE",Lend Lease NYC Fit-Out,200 Park Ave,200 PARK AVE,10166,Gold,2015.0,New York,LEED,40.7533488,-73.9766668,Commercial Interiors,v2009,75000,D,48,1008650032,1008650032,MANHATTAN,20 PARK AVENUE,NYC_1963,688.9,82.9,LEED_1000035412,,,
LEED_1000024689,3809,82,fuzzy_address,"score=93, addr=4 COLUMBUS CIR",Y and R Wunderman,3 Columbus Circle,3 COLUMBUS CIR,10019,Gold,2015.0,New York,LEED,40.7669467,-73.9821805,Commercial Interiors,v2009,247907,D,18,1010480033,1010480033,MANHATTAN,4 COLUMBUS CIRCLE,NYC_3809,1549.07,119.2,LEED_1000024689,,,
LEED_10979380,636,73,fuzzy_address,"score=84, addr=120 4 AVE",Starbucks 1290 Ave. of the Americas,1290 6th Ave,1290 6 AVE,10104,Certified,2015.0,New York,LEED,40.7604692,-73.9788795,Retail - Commercial Interiors,v1.0 pilot,600,D,39,1005640054,1005640054,MANHATTAN,120 4 AVENUE,NYC_636,595.1,66.3,LEED_10979380,,,
LEED_10979383,84,75,fuzzy_address,"score=86, addr=85 JOHN ST",Starbucks John & Water Streets,135 John Street,135 JOHN ST,10038,Certified,2015.0,New York,LEED,40.7071539,-74.0049962,Retail - Commercial Interiors,v1.0 pilot,10038,D,36,1000770001,1000770001,MANHATTAN,85 JOHN STREET,NYC_84,817.3,59.3,LEED_10979383,,,
LEED_10979382,8316,88,exact_address_borough,"addr=805 COLUMBUS AVE, borough=MANHATTAN",Starbucks Columbus Square @ 100th St,805 Columbus Avenue,805 COLUMBUS AVE,10025,Certified,2015.0,New York,LEED,40.7949468,-73.9656011,Retail - Commercial Interiors,v1.0 pilot,1200,D,2,1018337507,1018337507,MANHATTAN,805 COLUMBUS AVENUE,NYC_8316,879.1,99.1,LEED_10979382,,,
LEED_1000033331,3743,88,exact_address_borough,"addr=1285 OF THE AMERICAS, borough=MANHATTAN",UBS Welcome Center,1285 Avenue Of The Americas,1285 OF THE AMERICAS,10019,Platinum,2014.0,New York,LEED,40.7609303,-73.9800329,Commercial Interiors,v2009,8387,D,43,1010040029,1010040029,MANHATTAN,1285 AVENUE OF THE AMERICAS,NYC_3743,12625.5,95.8,LEED_1000033331,,,
LEED_1000036158,3368,83,fuzzy_address,"score=94, addr=517 LEXINGTON AVE",TD Bank - New York NY -451 Lexington Ave,457 Lexington Ave,457 LEXINGTON AVE,10017,Gold,2014.0,New York,LEED,40.7533479,-73.9746873,Retail - Commercial Interiors,v2009,3040,D,40,1013037502,1013037502,MANHATTAN,517 LEXINGTON AVENUE,NYC_3368,875.42,150.4,LEED_1000036158,,,
LEED_1000040614,3230,88,exact_address_borough,"addr=131 E 23 ST, borough=MANHATTAN",TD Bank - New York NY - 131 East 23rd St,131 East 23rd Street,131 E 23 ST,10010,Gold,2014.0,New York,LEED,40.7397965,-73.9847935,Retail - Commercial Interiors,v2009,6032,D,10,1008790017,1008790017,MANHATTAN,131 EAST 23 STREET,NYC_3230,307.4,79,LEED_1000040614,,,
LEED_1000034248,1848,85,fuzzy_address,"score=96, addr=1265 BROADWAY",Transatlantic Reinsurance Company,165 Broadway,165 BROADWAY,10002,Silver,2014.0,New York,LEED,40.7096195,-74.0105084,Commercial Interiors,v2009,133268,D,14,1008330075,1008330075,MANHATTAN,1265 BROADWAY,NYC_1848,440.7,79.7,LEED_1000034248,,,
LEED_1000036128,5069,78,fuzzy_address,"score=89, addr=885 3 AVE",TD Bank - New York NY- 885 6th Ave,885 6th Avenue,885 6 AVE,10001,Gold,2014.0,New York,LEED,40.7483869,-73.9891978,Retail - Commercial Interiors,v2009,3754,D,48,1013270001,1013270001,MANHATTAN,885 3 AVENUE,NYC_5069,,,LEED_1000036128,,,
LEED_1000043862,6120,88,exact_address_borough,"addr=4761 BROADWAY, borough=MANHATTAN",Starbucks Broadway and Dyckman,4761 Broadway,4761 BROADWAY,10040,Certified,2014.0,New York,LEED,40.8657183,-73.9272257,Retail - Commercial Interiors,v2009,3057,D,23,1022370001,1022370001,MANHATTAN,4761 BROADWAY,NYC_6120,914.4,99.7,LEED_1000043862,,,
LEED_10946178,1955,88,exact_address_borough,"addr=185 MADISON AVE, borough=MANHATTAN",CBNA - NY - Madison and 34th,185 MADISON AVE,185 MADISON AVE,10016,Gold,2014.0,New York,LEED,40.7478215,-73.9825897,Retail - Commercial Interiors,v1.0 pilot,3321,D,54,1008640025,1008640025,MANHATTAN,185 MADISON AVENUE,NYC_1955,456.77,58.6,LEED_10946178,,,
LEED_1000038822,6647,89,fuzzy_address,"score=100, addr=55 W 125 ST",125 W 55th Street,125 W 55th St.,125 W 55 ST,10019,Gold,2014.0,New York,LEED,40.763598,-73.9789514,Existing Buildings,v2009,588317,D,50,1017230010,1017230010,MANHATTAN,55 WEST 125 STREET,NYC_6647,1578.7,104.7,LEED_1000038822,,,
LEED_1000032960,3743,88,exact_address_borough,"addr=1285 OF THE AMERICAS, borough=MANHATTAN",1285 Avenue of the Americas - Recert,1285 Avenue Of The Americas,1285 OF THE AMERICAS,10019,Silver,2014.0,New York,LEED,40.7609303,-73.9800329,Existing Buildings,v2009,1728072,D,43,1010040029,1010040029,MANHATTAN,1285 AVENUE OF THE AMERICAS,NYC_3743,12625.5,95.8,LEED_1000032960,,,
LEED_1000034409,5603,88,exact_address_borough,"addr=1131 3 AVE, borough=MANHATTAN",NIKE Fieldhouse Store: Upper East Side,1131 3rd Ave,1131 3 AVE,10065,Gold,2014.0,New York,LEED,40.7662001,-73.9628013,Retail - Commercial Interiors,v2009,8101,D,28,1014210001,1014210001,MANHATTAN,1131 3 AVENUE,NYC_5603,1749.3,90.3,LEED_1000034409,,,
LEED_10953629,1020,88,exact_address_borough,"addr=200 E 28 ST, borough=MANHATTAN",Starbucks 28th St & Third Ave,200 E 28th St,200 E 28 ST,10016,Certified,2014.0,New York,LEED,40.7416675,-73.9805695,Retail - Commercial Interiors,v1.0 pilot,1800,D,53,1009087501,1009087501,MANHATTAN,200 EAST 28 STREET,NYC_1020,242.45,46.1,LEED_10953629,,,
LEED_10942315,2024,88,exact_address_borough,"addr=50 LEXINGTON AVE, borough=MANHATTAN",Starbucks Lexington btwn 24-25th Sts.,50 Lexington Avenue,50 LEXINGTON AVE,10010,Certified,2014.0,New York,LEED,40.7406448,-73.9842426,Retail - Commercial Interiors,v1.0 pilot,1376,D,36,1008800019,1008800019,MANHATTAN,50 LEXINGTON AVENUE,NYC_2024,969.8,81.8,LEED_10942315,,,
LEED_10935270,5149,88,exact_address_borough,"addr=600 MADISON AVE, borough=MANHATTAN",Starbucks 58th St btwn Madison & Fifth A,600 Madison Avenue,600 MADISON AVE,10022,Certified,2014.0,New York,LEED,40.7629848,-73.9723737,Retail - Commercial Interiors,v1.0 pilot,3000,D,54,1012930059,1012930059,MANHATTAN,600 MADISON AVENUE,NYC_5149,2442.6,94.4,LEED_10935270,,,
LEED_10925638,2343,88,exact_address_borough,"addr=350 W 42 ST, borough=MANHATTAN",Starbucks 42nd & Ninth Ave.,350 West 42nd Street,350 W 42 ST,10036,Certified,2014.0,New York,LEED,40.7578482,-73.9923231,Retail - Commercial Interiors,v1.0 pilot,1227,D,49,1010327501,1010327501,MANHATTAN,350 WEST 42 STREET,NYC_2343,3247,63.5,LEED_10925638,,,
LEED_1000016698,2433,80,fuzzy_address,"score=91, addr=301 W 57 ST",Sur La Table-Hearst Building,300 W 57th St.,300 W 57 ST,10019,Certified,2014.0,New York,LEED,40.7666438,-73.9835011,Retail - Commercial Interiors,v2009,6174,D,1,1010487503,1010487503,MANHATTAN,301 WEST 57 STREET,NYC_2433,2398.8,74,LEED_1000016698,,,
LEED_1000029349,1384,83,fuzzy_address,"score=94, addr=35 5 AVE",LinkedIn-ESB 23,350 5th Avenue,350 5 AVE,10118,Gold,2014.0,New York,LEED,40.7484799,-73.9854245,Commercial Interiors,v2009,29770,D,49,1005680001,1005680001,MANHATTAN,35 5 AVENUE,NYC_1384,1060.5,88.8,LEED_1000029349,,,
LEED_1000015506,2346,88,exact_address_borough,"addr=260 W 26 ST, borough=MANHATTAN",260 W 26th Street,260 W 26th Street,260 W 26 ST,10001,Silver,2014.0,New York,LEED,40.7468602,-73.9967074,New Construction,v2009,214892,D,52,1007757502,1007757502,MANHATTAN,260 WEST 26 STREET,NYC_2346,1048.94,53.4,LEED_1000015506,,,
LEED_10523846,735,72,fuzzy_address,"score=82, addr=848 WASHINGTON ST","NYU- Washington Mews Bldg 7, 8 and 14a",8 Washington Mews,8 WASHINGTON MEWS,10003,Silver,2014.0,New York,LEED,40.7314938,-73.9960267,New Construction,v2.2,12556,D,1,1006450011,1006450011,MANHATTAN,848 WASHINGTON STREET,NYC_735,2971.4,156.4,LEED_10523846,,,
LEED_10013894,8669,71,fuzzy_address,"score=81, addr=157 W 123 ST",High Line 23,511-517 W. 23rd Street,511-517 W 23 ST,10011,Silver,2014.0,New York,LEED,40.748207,-74.004657,New Construction,v2.2,38800,D,2,1019080001,1019080001,MANHATTAN,157 WEST 123 STREET,NYC_8669,264.9,109.8,LEED_10013894,,,
LEED_10915278,2511,84,fuzzy_address,"score=95, addr=777 OF THE AMERICAS",Starbucks 36th St & Sixth Avenue,977 Avenue of the Americas,977 OF THE AMERICAS,10018,Certified,2013.0,New York,LEED,40.7510658,-73.9871626,Retail - Commercial Interiors,v1.0 pilot,881,D,41,1008020036,1008020036,MANHATTAN,777 AVENUE OF THE AMERICAS,NYC_2511,1346.63,62.2,LEED_10915278,,,
LEED_1000013241,1257,84,fuzzy_address,"score=95, addr=14 W 14 ST",Inscape NYC Showroom,414 W 14th Street,414 W 14 ST,10013,Gold,2013.0,New York,LEED,40.7411843,-74.0065549,Commercial Interiors,v2009,4293,D,8,1005777504,1005777504,MANHATTAN,14 WEST 14 STREET,NYC_1257,227.06,62.7,LEED_1000013241,,,
LEED_1000025245,1518,70,fuzzy_address,"score=80, addr=2273 BROADWAY",2239 Broadway,2239 Broadway Avenue,2239 BROADWAY AVE,10024,Silver,2013.0,New York,LEED,40.7845613,-73.9797998,Commercial Interiors,v2009,2831,D,5,1012290054,1012290054,MANHATTAN,2273 BROADWAY,NYC_1518,342.4,51.7,LEED_1000025245,,,
LEED_1000024502,1053,88,exact_address_borough,"addr=101 OF THE AMERICAS, borough=MANHATTAN",101 Avenue of the Americas,101 Avenue Of The Americas,101 OF THE AMERICAS,10013,Silver,2013.0,New York,LEED,40.6856206,-73.8419659,Core and Shell,v2009,362505,D,32,1004770011,1004770011,MANHATTAN,101 AVENUE OF THE AMERICAS,NYC_1053,4324.67,102.4,LEED_1000024502,,,
LEED_1000020370,4889,84,fuzzy_address,"score=95, addr=2 E 55 ST",Park Avenue Plaza,55 E. 52nd St.,55 E 52 ST,10055,Silver,2013.0,New York,LEED,40.7592344,-73.9735446,Existing Buildings,v2009,1200000,D,4,1012907502,1012907502,MANHATTAN,2 EAST 55 STREET,NYC_4889,Not Available,Not Available,LEED_1000020370,,,
LEED_1000017010,4849,81,fuzzy_address,"score=92, addr=3948 BROADWAY",TD Bank - New York NY- 3798 Broadway,3798 Broadway,3798 BROADWAY,10032,Silver,2013.0,New York,LEED,40.834385,-73.9442024,Retail - Commercial Interiors,v2009,4730,D,1,1021240043,1021240043,MANHATTAN,3948 BROADWAY,NYC_4849,4067.4,672.2,LEED_1000017010,,,
LEED_1000023820,298,70,fuzzy_address,"score=80, addr=2 WALL ST",BNY Mellon - OWS,One Wall Street,ONE WALL ST,10005,Gold,2013.0,New York,LEED,40.707491,-74.0116385,Commercial Interiors,v2009,10500,D,34,1000460001,1000460001,MANHATTAN,2 WALL STREET,NYC_298,1218.8,81.6,LEED_1000023820,,,
LEED_10846088,1742,88,exact_address_borough,"addr=122 GREENWICH AVE, borough=MANHATTAN",Starbucks Jackson Square at Greenwich Av,122 Greenwich Avenue - (space A),122 GREENWICH AVE,10011,Certified,2013.0,New York,LEED,40.7391316,-74.0024232,Retail - Commercial Interiors,v1.0 pilot,1470,D,1,1006187504,1006187504,MANHATTAN,122 GREENWICH AVENUE,NYC_1742,600.9,104,LEED_10846088,,,
LEED_1000019264,947,82,fuzzy_address,"score=93, addr=240 MADISON AVE",CA Technologies EBC,520 Madison Ave,520 MADISON AVE,10022,Gold,2013.0,New York,LEED,40.760264,-73.9745165,Commercial Interiors,v2009,9793,D,26,1008670018,1008670018,MANHATTAN,240 MADISON AVENUE,NYC_947,646.53,93.2,LEED_1000019264,,,
LEED_1000026277,3701,88,exact_address_borough,"addr=1440 BROADWAY, borough=MANHATTAN",1440 Broadway,1440 Broadway,1440 BROADWAY,10018,Gold,2013.0,New York,LEED,40.7543899,-73.9864464,Existing Buildings,v2009,694852,D,32,1009930011,1009930011,MANHATTAN,1440 BROADWAY,NYC_3701,2489.26,34.7,LEED_1000026277,,,
LEED_1000024889,1713,80,fuzzy_address,"score=91, addr=150 E 45 ST",2 Grand Central Tower,140 East 45th Street,140 E 45 ST,10017,Silver,2013.0,New York,LEED,40.752707,-73.9740497,Existing Buildings,v2009,649883,D,43,1012990041,1012990041,MANHATTAN,150 EAST 45 STREET,NYC_1713,165.6,68.5,LEED_1000024889,,,
LEED_1000023003,375,81,fuzzy_address,"score=92, addr=145 HUDSON ST",315 Hudson Street,315 Hudson St.,315 HUDSON ST,10013,Certified,2013.0,New York,LEED,40.7263022,-74.0080699,Existing Buildings,v2009,427972,D,14,1002147502,1002147502,MANHATTAN,145 HUDSON STREET,NYC_375,912.41,65.6,LEED_1000023003,,,
LEED_1000024214,1980,83,fuzzy_address,"score=94, addr=48 7 AVE",498 7th Avenue,498 7th Avenue,498 7 AVE,10018,Gold,2013.0,New York,LEED,40.7527648,-73.989662,Existing Buildings,v2009,936037,D,33,1006180033,1006180033,MANHATTAN,48 7 AVENUE,NYC_1980,0,Not Available,LEED_1000024214,,,
LEED_1000007248,165,88,exact_address_borough,"addr=102 N END AVE, borough=MANHATTAN",Site 25,102 North End Ave,102 N END AVE,10282,Gold,2013.0,New York,LEED,40.7150553,-74.015696,New Construction,v2009,627333,D,4,1000167512,1000167512,MANHATTAN,102 NORTH END AVENUE,NYC_165,470.8,60.1,LEED_1000007248,,,
LEED_10199773,8654,88,exact_address_borough,"addr=625 W 140 ST, borough=MANHATTAN",Fortune Society New Development Project,625 West 140th Street,625 W 140 ST,10031,Gold,2013.0,New York,LEED,40.8240646,-73.9541443,New Construction,v2.2,94458,D,47,1020880016,1020880016,MANHATTAN,625 WEST 140 STREET,NYC_8654,606.67,78.9,LEED_10199773,,,
LEED_1000003355,1742,88,exact_address_borough,"addr=122 GREENWICH AVE, borough=MANHATTAN",TD Bank-Greenwich Ave-New York NY,122 Greenwich Ave,122 GREENWICH AVE,10011,Gold,2012.0,New York,LEED,40.7391316,-74.0024232,Commercial Interiors,v2009,4100,D,1,1006187504,1006187504,MANHATTAN,122 GREENWICH AVENUE,NYC_1742,600.9,104,LEED_1000003355,,,
LEED_10782997,4046,88,exact_address_borough,"addr=1900 BROADWAY, borough=MANHATTAN",CBNA Broadway and 63rd,1900 Broadway,1900 BROADWAY,10023,Gold,2012.0,New York,LEED,40.771542,-73.9814645,Retail - Commercial Interiors,v1.0 pilot,1969,D,13,1011167501,1011167501,MANHATTAN,1900 BROADWAY,NYC_4046,10783.07,143.3,LEED_10782997,,,
LEED_10782996,7756,85,fuzzy_address,"score=96, addr=2749 BROADWAY",CBNA 749 Broadway,749 Broadway,749 BROADWAY,10003,Gold,2012.0,New York,LEED,40.730484,-73.992806,Retail - Commercial Interiors,v1.0 pilot,5450,D,52,1018770063,1018770063,MANHATTAN,2749 BROADWAY,NYC_7756,323.1,104.1,LEED_10782996,,,
LEED_1000006345,1963,84,fuzzy_address,"score=96, addr=20 PARK AVE",MetLife,200 Park Avenue,200 PARK AVE,10016,Silver,2012.0,New York,LEED,40.7524187,-73.9778272,Commercial Interiors,v2009,30497,D,48,1008650032,1008650032,MANHATTAN,20 PARK AVENUE,NYC_1963,688.9,82.9,LEED_1000006345,,,
LEED_10174053,661,72,fuzzy_address,"score=82, addr=42 W 13 ST",West 42nd Street Hotel & Residence,West 42nd Street,W 42 ST,10018,Gold,2012.0,New York,LEED,40.7578775,-73.9913276,New Construction,v2.2,1159000,D,53,1005760016,1005760016,MANHATTAN,42 WEST 13 STREET,NYC_661,254.62,74.9,LEED_10174053,,,
LEED_10798059,2546,83,fuzzy_address,"score=94, addr=1341 LEXINGTON AVE",Starbucks 96th & Lexington Ave,1491 Lexington Avenue,1491 LEXINGTON AVE,10029,Certified,2012.0,New York,LEED,40.7860461,-73.9506085,Retail - Commercial Interiors,v1.0 pilot,1365,D,7,1015180024,1015180024,MANHATTAN,1341 LEXINGTON AVENUE,NYC_2546,744.98,88.1,LEED_10798059,,,
LEED_10798047,4743,84,fuzzy_address,"score=95, addr=1140 OF THE AMERICAS",Starbucks 43rd & Sixth,1101 - 1109 Avenue of the Americas,1109 OF THE AMERICAS,10036,Certified,2012.0,New York,LEED,40.7548908,-73.9836859,Retail - Commercial Interiors,v1.0 pilot,1500,D,54,1012600001,1012600001,MANHATTAN,1140 AVENUE OF THE AMERICAS,NYC_4743,1108.9,57.1,LEED_10798047,,,
LEED_10100560,121,73,fuzzy_address,"score=83, addr=1 RIVER TER",New York Public Library BPCA Branch,One River Terrace,ONE RIVER TER,10282,Gold,2012.0,New York,LEED,40.7167671,-74.0163793,Commercial Interiors,v2.0,10500,D,30,1000167516,1000167516,MANHATTAN,1 RIVER TERRACE,NYC_121,2818.3,69.6,LEED_10100560,,,
LEED_10492374,993,83,fuzzy_address,"score=94, addr=309 LEXINGTON AVE",360 Lexington Avenue,360 Lexington Avenue,360 LEXINGTON AVE,10017,Gold,2012.0,New York,LEED,40.7503897,-73.9770422,Existing Buildings,v2008,234427,D,48,1008930064,1008930064,MANHATTAN,309 LEXINGTON AVENUE,NYC_993,252.3,79.1,LEED_10492374,,,
LEED_1000006720,1963,84,fuzzy_address,"score=96, addr=20 PARK AVE",CB Richard Ellis,200 Park Avenue,200 PARK AVE,10166,Gold,2012.0,New York,LEED,40.7533488,-73.9766668,Commercial Interiors,v2009,85055,D,48,1008650032,1008650032,MANHATTAN,20 PARK AVENUE,NYC_1963,688.9,82.9,LEED_1000006720,,,
LEED_1000012711,5583,88,exact_address_borough,"addr=345 PARK AVE, borough=MANHATTAN",NFL Corporate Headquarters,345 Park Avenue,345 PARK AVE,10154,Gold,2012.0,New York,LEED,40.7579261,-73.972213,Commercial Interiors,v2009,134306,D,51,1013060001,1013060001,MANHATTAN,345 PARK AVENUE,NYC_5583,18122.1,132.2,LEED_1000012711,,,
LEED_1000009299,2433,80,fuzzy_address,"score=91, addr=301 W 57 ST",Hearst Tower,300 West 57th Street,300 W 57 ST,10019,Platinum,2012.0,New York,LEED,40.7666438,-73.9835011,Existing Buildings,v2009,814000,D,1,1010487503,1010487503,MANHATTAN,301 WEST 57 STREET,NYC_2433,2398.8,74,LEED_1000009299,,,
LEED_10505324,4123,80,fuzzy_address,"score=91, addr=554 W 53 ST",Mercedes Benz - Manhattan,536 West 54th St,536 W 54 ST,10019,Gold,2012.0,New York,LEED,40.7677677,-73.9913219,Commercial Interiors,v2.0,60000,D,7,1010810060,1010810060,MANHATTAN,554 WEST 53 STREET,NYC_4123,209.74,58.9,LEED_10505324,,,
LEED_10018129,6349,85,exact_address_no_zip,addr=151 E 151 ST,NYC DHS New Family Intake Center,151 East 151st Street,151 E 151 ST,10455,Gold,2012.0,New York,LEED,40.8216883,-73.9275778,New Construction,v2.2,78000,D,1,2023530057,2023530057,BRONX,151 EAST 151 STREET,NYC_6349,616.2,101.4,LEED_10018129,,,
LEED_1000010374,5583,88,exact_address_borough,"addr=345 PARK AVE, borough=MANHATTAN",Deutsche Bank 345 Park Avenue 14,345 Park Avenue,345 PARK AVE,10016,Gold,2011.0,New York,LEED,40.7579261,-73.972213,Commercial Interiors,v2009,26339,D,51,1013060001,1013060001,MANHATTAN,345 PARK AVENUE,NYC_5583,18122.1,132.2,LEED_1000010374,,,
LEED_10054246,1742,88,exact_address_borough,"addr=122 GREENWICH AVE, borough=MANHATTAN",One Jackson Square,122 Greenwich Avenue,122 GREENWICH AVE,10011-7704,Silver,2011.0,New York,LEED,40.7391316,-74.0024232,New Construction,v2.2,80000,D,1,1006187504,1006187504,MANHATTAN,122 GREENWICH AVENUE,NYC_1742,600.9,104,LEED_10054246,,,
LEED_1000010522,5655,81,fuzzy_address,"score=92, addr=615 W 143 ST",Columbia - Studebaker,615 W. 131st Street,615 W 131 ST,10027,Silver,2011.0,New York,LEED,40.818346,-73.957845,Commercial Interiors,v2009,23256,D,22,1020900024,1020900024,MANHATTAN,615 WEST 143 STREET,NYC_5655,238.72,100.3,LEED_1000010522,,,
LEED_10017960,3556,88,exact_address_borough,"addr=303 E 33 ST, borough=MANHATTAN",303 East 33rd St. Residential Building,303 East 33rd Street,303 E 33 ST,10003,Certified,2011.0,New York,LEED,40.7439592,-73.9754694,New Construction,v2.2,164000,D,47,1009397501,1009397501,MANHATTAN,303 EAST 33 STREET,NYC_3556,925.1,58.6,LEED_10017960,,,
LEED_10001377,1376,84,fuzzy_address,"score=95, addr=31 E 12 ST",Sukyo Mahikari Dojo Relocation,124 E. 31st St.,124 E 31 ST,10016,Silver,2011.0,New York,LEED,40.7445485,-73.9816944,New Construction,v2.1,9200,D,26,1005640001,1005640001,MANHATTAN,31 EAST 12 STREET,NYC_1376,499.93,86.3,LEED_10001377,,,
LEED_1000005626,1963,84,fuzzy_address,"score=96, addr=20 PARK AVE",Korn Ferry,200 Park Ave,200 PARK AVE,10166,Silver,2011.0,New York,LEED,40.7533488,-73.9766668,Commercial Interiors,v2009,45870,D,48,1008650032,1008650032,MANHATTAN,20 PARK AVENUE,NYC_1963,688.9,82.9,LEED_1000005626,,,
LEED_1000007160,5583,88,exact_address_borough,"addr=345 PARK AVE, borough=MANHATTAN",Deutsche Bank 345 Park Floor 24/25,345 Park Avenue,345 PARK AVE,10016,Gold,2011.0,New York,LEED,40.7579261,-73.972213,Commercial Interiors,v2009,52128,D,51,1013060001,1013060001,MANHATTAN,345 PARK AVENUE,NYC_5583,18122.1,132.2,LEED_1000007160,,,
LEED_10400912,1927,88,exact_address_borough,"addr=7 E 27 ST, borough=MANHATTAN",The Grounds,7 East 27th St.,7 E 27 ST,10016,Silver,2011.0,New York,LEED,40.7439469,-73.9869744,Commercial Interiors,v2.0,6000,D,6,1008570007,1008570007,MANHATTAN,7 EAST 27 STREET,NYC_1927,352.4,81.2,LEED_10400912,,,
LEED_10521003,6647,89,fuzzy_address,"score=100, addr=55 W 125 ST",Macquarie Phase 2,125 WEST 55TH STREET,125 W 55 ST,10019,Gold,2011.0,New York,LEED,40.763598,-73.9789514,Commercial Interiors,v2.0,48000,D,50,1017230010,1017230010,MANHATTAN,55 WEST 125 STREET,NYC_6647,1578.7,104.7,LEED_10521003,,,
LEED_10247647,2814,89,fuzzy_address,"score=100, addr=20 W 40 ST",Natural Resources Defense Council 8th FL,40 West 20th Street,40 W 20 ST,10011,Platinum,2011.0,New York,LEED,40.7404547,-73.9932413,Commercial Interiors,v2.0,9000,D,36,1008417501,1008417501,MANHATTAN,20 WEST 40 STREET,NYC_2814,1438.1,75.2,LEED_10247647,,,
LEED_10023263,2841,80,fuzzy_address,"score=91, addr=13 W 28 ST",McVickar Hall Development Offices,628 West 113th street,628 W 113 ST,10027,Gold,2010.0,New York,LEED,40.8064934,-73.9667138,New Construction,v2.2,55000,D,31,1008300030,1008300030,MANHATTAN,13 WEST 28 STREET,NYC_2841,296.1,110.4,LEED_10023263,,,
LEED_10195851,5315,81,fuzzy_address,"score=92, addr=5009 BROADWAY",Barnard College Nexus,3009 Broadway,3009 BROADWAY,10027,Gold,2010.0,New York,LEED,40.809974,-73.962904,New Construction,v2.2,82443,D,24,1022430030,1022430030,MANHATTAN,5009 BROADWAY,NYC_5315,333.7,53.7,LEED_10195851,,,
LEED_10327332,298,70,fuzzy_address,"score=80, addr=2 WALL ST",Bank of New York Mellon,One Wall Street,ONE WALL ST,10286,Silver,2010.0,New York,LEED,40.707491,-74.0116385,Commercial Interiors,v2.0,27900,D,34,1000460001,1000460001,MANHATTAN,2 WALL STREET,NYC_298,1218.8,81.6,LEED_10327332,,,
LEED_10162557,1972,64,fuzzy_name,"score=94, name=401 FIFTH AVENUE",640 Fifth Avenue,640 Fifth Avenue,640 FIFTH AVE,10019,Certified,2010.0,New York,LEED,40.7596078,-73.9769882,Existing Buildings,v2008,312686,D,48,1008660076,1008660076,MANHATTAN,397 5 AVENUE,NYC_1972,900.2,70.5,LEED_10162557,,,
LEED_10254195,8388,88,exact_address_borough,"addr=808 COLUMBUS AVE, borough=MANHATTAN",Whole Foods Market @ 97th Street,808 Columbus Avenue & 97th Street,808 COLUMBUS AVE,10025,Gold,2010.0,New York,LEED,40.7939667,-73.9671163,Commercial Interiors,v2.0,59241,D,18,1018527501,1018527501,MANHATTAN,808 COLUMBUS AVENUE,NYC_8388,4117.7,92.5,LEED_10254195,,,
LEED_10097267,1211,88,exact_address_borough,"addr=61 W 62 ST, borough=MANHATTAN",Harmony Atrium,61 West 62nd Street,61 W 62 ST,10023,Gold,2010.0,New York,LEED,40.771079,-73.9827734,Commercial Interiors,v2.0,10150,D,2,1011157502,1011157502,MANHATTAN,61 WEST 62 STREET,NYC_1211,2234.68,87.4,LEED_10097267,,,
LEED_10116550,1923,85,fuzzy_address,"score=97, addr=35 MADISON AVE",Itochu International - 22nd & 23rd Flr.,335 Madison Avenue,335 MADISON AVE,10017,Silver,2009.0,New York,LEED,40.7535575,-73.9781361,Commercial Interiors,v2.0,57266,D,48,1008550037,1008550037,MANHATTAN,35 MADISON AVENUE,NYC_1923,4427.4,116.1,LEED_10116550,,,
LEED_10569040,3602,88,exact_address_borough,"addr=787 7 AVE, borough=MANHATTAN",CBNA 787 7th Ave,787 7th Ave,787 7 AVE,10019,Certified,2009.0,New York,LEED,40.7618356,-73.9821805,Retail - Commercial Interiors,v1.0 pilot,5586,D,50,1010040020,1010040020,MANHATTAN,787 7 AVENUE,NYC_3602,12479.4,89,LEED_10569040,,,
LEED_10568483,154,82,fuzzy_address,"score=93, addr=100 WILLIAM ST",CBNA 100 William s St. NY,100 William s St.,100 WILLIAM S ST,10038,Certified,2009.0,New York,LEED,40.7083741,-74.0071976,Retail - Commercial Interiors,v1.0 pilot,10581,D,18,1000680036,1000680036,MANHATTAN,100 WILLIAM STREET,NYC_154,2537.37,77.4,LEED_10568483,,,
LEED_10059900,947,82,fuzzy_address,"score=93, addr=240 MADISON AVE",520 Madison Avenue,520 Madison Ave,520 MADISON AVE,10022,Silver,2009.0,New York,LEED,40.760264,-73.9745165,Existing Buildings,v2008,1047461,D,26,1008670018,1008670018,MANHATTAN,240 MADISON AVENUE,NYC_947,646.53,93.2,LEED_10059900,,,
LEED_10184725,3374,88,exact_address_borough,"addr=830 3 AVE, borough=MANHATTAN",EATON 7th Floor,830 3rd Avenue,830 3 AVE,10022,Gold,2008.0,New York,LEED,40.7564053,-73.9707437,Commercial Interiors,v2.0,13000,D,51,1013050040,1013050040,MANHATTAN,830 3 AVENUE,NYC_3374,585.5,40.4,LEED_10184725,,,
LEED_10117164,6957,86,fuzzy_address,"score=97, addr=1450 LEXINGTON AVE",Davis Polk & Wardwell,450 Lexington Avenue,450 LEXINGTON AVE,10017,Silver,2008.0,New York,LEED,40.7532886,-73.9754271,Commercial Interiors,v2.0,19200,D,54,1015230014,1015230014,MANHATTAN,1450 LEXINGTON AVENUE,NYC_6957,Not Available,Not Available,LEED_10117164,,,
LEED_10102592,10,76,fuzzy_address,"score=87, addr=13 RECTOR ST",NBBJ New York,2 Rector Street,2 RECTOR ST,10006,Silver,2008.0,New York,LEED,40.7079835,-74.0131655,Commercial Interiors,v2.0,15971,D,11,1000187501,1000187501,MANHATTAN,13 RECTOR STREET,NYC_10,2811,91.6,LEED_10102592,,,
LEED_10001502,119,88,exact_address_borough,"addr=30 WEST ST, borough=MANHATTAN",Millennium Tower Residences,30 West Street,30 WEST ST,10280,Gold,2007.0,New York,LEED,40.7063063,-74.0170784,New Construction,v2.1,440000,D,21,1000167514,1000167514,MANHATTAN,30 WEST STREET,NYC_119,2426.27,69,LEED_10001502,,,
LEED_10000920,1651,84,fuzzy_address,"score=95, addr=60 W 57 ST",The Helena,601 West 57th Street,601 W 57 ST,10019,Gold,2006.0,New York,LEED,40.7710453,-73.9920204,New Construction,v2.1,602021,D,4,1012720001,1012720001,MANHATTAN,60 WEST 57 STREET,NYC_1651,1745.07,67.7,LEED_10000920,,,
